customer_id,country_or_region,commercial_region,island,municipality,city,postal_area,postal_code,street,address,customer_type,company_name,customer_since_year
842570,Country CT11: Land of The Final Version,Region RG37: We Will See Later,,,City CY417: Missing Cell Port,,Postal code PC828: #REF! Delivery Route,,Address AD1120: Cell Without a Home,,Excel Is Not A Database Ltd 150,2018
770941,Country CT9: Land of The Final Version,,,,,,Postal code PC56: #REF! Delivery Route,,Address AD62: Cell Without a Home,,Excel Is Not A Database Ltd 1064,2021
827053,Country CT10: Land of The Final Version,Region RG17: We Will See Later,Island IS2: The Pivot Archipelago,Municipality MU14: Council of Last Minute Edits,,Postal area PA271: Hidden Sheet Sector,Postal code PC827: #REF! Delivery Route,Street ST170: PowerPoint New Walk,Address AD449: Cell Without a Home,,Excel Is Not A Database Ltd 113,2016
494648,Country CT10: Land of The Final Version,Region RG17: We Will See Later,Island IS2: The Pivot Archipelago,Municipality MU14: Council of Last Minute Edits,,Postal area PA271: Hidden Sheet Sector,Postal code PC826: #REF! Delivery Route,,Address AD454: Cell Without a Home,,Excel Is Not A Database Ltd 430,2015
429291,Country CT10: Land of The Final Version,Region RG17: We Will See Later,Island IS2: The Pivot Archipelago,Municipality MU14: Council of Last Minute Edits,,Postal area PA271: Hidden Sheet Sector,Postal code PC826: #REF! Delivery Route,,Address AD453: Cell Without a Home,,Excel Is Not A Database Ltd 673,2015
344764,Country CT10: Land of The Final Version,Region RG17: We Will See Later,Island IS2: The Pivot Archipelago,Municipality MU14: Council of Last Minute Edits,City CY171: VLOOKUP Grove,Postal area PA271: Hidden Sheet Sector,Postal code PC825: #REF! Delivery Route,Street ST167: Spill Error Way,Address AD445: Cell Without a Home,,Excel Is Not A Database Ltd 126,2015
774295,Country CT10: Land of The Final Version,Region RG17: We Will See Later,Island IS2: The Pivot Archipelago,Municipality MU14: Council of Last Minute Edits,City CY171: VLOOKUP Grove,Postal area PA271: Hidden Sheet Sector,Postal code PC825: #REF! Delivery Route,Street ST167: Spill Error Way,Address AD444: Cell Without a Home,,Excel Is Not A Database Ltd 125,2022
383741,Country CT10: Land of The Final Version,Region RG17: We Will See Later,Island IS2: The Pivot Archipelago,Municipality MU14: Council of Last Minute Edits,City CY171: VLOOKUP Grove,Postal area PA271: Hidden Sheet Sector,Postal code PC824: #REF! Delivery Route,Street ST169: Where-less Query Walk,Address AD443: Cell Without a Home,,Excel Is Not A Database Ltd 476,2015
709384,Country CT10: Land of The Final Version,Region RG17: We Will See Later,Island IS2: The Pivot Archipelago,Municipality MU14: Council of Last Minute Edits,City CY171: VLOOKUP Grove,Postal area PA271: Hidden Sheet Sector,Postal code PC824: #REF! Delivery Route,Street ST169: Where-less Query Walk,Address AD448: Cell Without a Home,,Excel Is Not A Database Ltd 1074,2015
240646,Country CT10: Land of The Final Version,Region RG17: We Will See Later,Island IS2: The Pivot Archipelago,Municipality MU14: Council of Last Minute Edits,,Postal area PA271: Hidden Sheet Sector,Postal code PC823: #REF! Delivery Route,Street ST168: Last Save Way,Address AD447: Cell Without a Home,,Excel Is Not A Database Ltd 837,2015
854828,Country CT10: Land of The Final Version,Region RG17: We Will See Later,Island IS2: The Pivot Archipelago,Municipality MU14: Council of Last Minute Edits,,Postal area PA271: Hidden Sheet Sector,Postal code PC822: #REF! Delivery Route,Street ST166: Cached Result Way,Address AD446: Cell Without a Home,,Excel Is Not A Database Ltd 799,2015
670793,Country CT10: Land of The Final Version,Region RG17: We Will See Later,Island IS2: The Pivot Archipelago,Municipality MU14: Council of Last Minute Edits,,Postal area PA271: Hidden Sheet Sector,Postal code PC821: #REF! Delivery Route,,Address AD442: Cell Without a Home,,Excel Is Not A Database Ltd 1009,2015
206093,Country CT10: Land of The Final Version,Region RG17: We Will See Later,Island IS2: The Pivot Archipelago,Municipality MU14: Council of Last Minute Edits,City CY171: VLOOKUP Grove,Postal area PA271: Hidden Sheet Sector,Postal code PC820: #REF! Delivery Route,,Address AD440: Cell Without a Home,,Excel Is Not A Database Ltd 655,2025
392891,Country CT10: Land of The Final Version,Region RG17: We Will See Later,Island IS2: The Pivot Archipelago,Municipality MU14: Council of Last Minute Edits,,Postal area PA271: Hidden Sheet Sector,Postal code PC819: #REF! Delivery Route,Street ST170: PowerPoint New Walk,Address AD450: Cell Without a Home,,Excel Is Not A Database Ltd 115,2015
794681,Country CT10: Land of The Final Version,Region RG17: We Will See Later,Island IS2: The Pivot Archipelago,Municipality MU14: Council of Last Minute Edits,,Postal area PA271: Hidden Sheet Sector,Postal code PC818: #REF! Delivery Route,Street ST164: Filtered View Way,Address AD437: Cell Without a Home,,Excel Is Not A Database Ltd 704,2017
109654,Country CT10: Land of The Final Version,Region RG17: We Will See Later,Island IS2: The Pivot Archipelago,Municipality MU14: Council of Last Minute Edits,City CY171: VLOOKUP Grove,Postal area PA271: Hidden Sheet Sector,Postal code PC817: #REF! Delivery Route,Street ST163: Merged Cell Way,Address AD436: Cell Without a Home,,Excel Is Not A Database Ltd 287,2024
300901,Country CT10: Land of The Final Version,Region RG17: We Will See Later,Island IS2: The Pivot Archipelago,Municipality MU14: Council of Last Minute Edits,,Postal area PA271: Hidden Sheet Sector,Postal code PC816: #REF! Delivery Route,,Address AD435: Cell Without a Home,,Excel Is Not A Database Ltd 379,2016
763996,Country CT10: Land of The Final Version,Region RG17: We Will See Later,Island IS2: The Pivot Archipelago,Municipality MU14: Council of Last Minute Edits,,Postal area PA271: Hidden Sheet Sector,Postal code PC815: #REF! Delivery Route,,Address AD452: Cell Without a Home,,Excel Is Not A Database Ltd 40,2015
363943,Country CT10: Land of The Final Version,Region RG17: We Will See Later,Island IS2: The Pivot Archipelago,Municipality MU14: Council of Last Minute Edits,,Postal area PA271: Hidden Sheet Sector,Postal code PC814: #REF! Delivery Route,,Address AD439: Cell Without a Home,,Excel Is Not A Database Ltd 1050,2015
929275,Country CT10: Land of The Final Version,Region RG17: We Will See Later,Island IS2: The Pivot Archipelago,Municipality MU14: Council of Last Minute Edits,,Postal area PA271: Hidden Sheet Sector,,Street ST170: PowerPoint New Walk,Address AD451: Cell Without a Home,,Excel Is Not A Database Ltd 169,2015
396581,Country CT10: Land of The Final Version,Region RG17: We Will See Later,Island IS2: The Pivot Archipelago,Municipality MU14: Council of Last Minute Edits,,Postal area PA271: Hidden Sheet Sector,,Street ST165: Broken Formula Way,Address AD438: Cell Without a Home,,Excel Is Not A Database Ltd 453,2015
264531,Country CT10: Land of The Final Version,Region RG17: We Will See Later,Island IS2: The Pivot Archipelago,Municipality MU14: Council of Last Minute Edits,City CY171: VLOOKUP Grove,Postal area PA271: Hidden Sheet Sector,,,Address AD441: Cell Without a Home,,Excel Is Not A Database Ltd 1127,2015
716820,Country CT10: Land of The Final Version,Region RG17: We Will See Later,Island IS2: The Pivot Archipelago,Municipality MU5: Council of Last Minute Edits,,Postal area PA270: Hidden Sheet Sector,Postal code PC813: #REF! Delivery Route,Street ST65: Null Value Avenue,Address AD218: Cell Without a Home,,Excel Is Not A Database Ltd 702,2015
377521,Country CT10: Land of The Final Version,Region RG17: We Will See Later,Island IS2: The Pivot Archipelago,Municipality MU5: Council of Last Minute Edits,City CY86: Relative Reference Vale,Postal area PA269: Hidden Sheet Sector,Postal code PC812: #REF! Delivery Route,Street ST61: Conditional Format Avenue,Address AD214: Cell Without a Home,,Excel Is Not A Database Ltd 610,2015
280420,Country CT10: Land of The Final Version,Region RG17: We Will See Later,Island IS2: The Pivot Archipelago,Municipality MU5: Council of Last Minute Edits,,Postal area PA269: Hidden Sheet Sector,Postal code PC811: #REF! Delivery Route,Street ST63: Absolute Reference Avenue,Address AD216: Cell Without a Home,,Excel Is Not A Database Ltd 545,2015
120503,Country CT10: Land of The Final Version,Region RG17: We Will See Later,Island IS2: The Pivot Archipelago,Municipality MU5: Council of Last Minute Edits,,Postal area PA269: Hidden Sheet Sector,Postal code PC810: #REF! Delivery Route,Street ST64: Nested IF Avenue,Address AD217: Cell Without a Home,,Excel Is Not A Database Ltd 267,2015
971143,Country CT10: Land of The Final Version,Region RG17: We Will See Later,Island IS2: The Pivot Archipelago,Municipality MU5: Council of Last Minute Edits,City CY87: Absolute Reference Vale,Postal area PA269: Hidden Sheet Sector,Postal code PC809: #REF! Delivery Route,,Address AD213: Cell Without a Home,,Excel Is Not A Database Ltd 415,2015
381591,Country CT10: Land of The Final Version,Region RG17: We Will See Later,Island IS2: The Pivot Archipelago,Municipality MU5: Council of Last Minute Edits,,Postal area PA269: Hidden Sheet Sector,Postal code PC808: #REF! Delivery Route,Street ST62: Relative Reference Avenue,Address AD215: Cell Without a Home,,Excel Is Not A Database Ltd 474,2015
341979,Country CT10: Land of The Final Version,Region RG17: We Will See Later,Island IS4: The Pivot Archipelago,Municipality MU7: Council of Last Minute Edits,City CY114: Duplicate Row Heights,Postal area PA268: Hidden Sheet Sector,Postal code PC807: #REF! Delivery Route,Street ST84: Frozen Pane Road,Address AD277: Cell Without a Home,,Excel Is Not A Database Ltd 784,2015
467267,Country CT10: Land of The Final Version,Region RG17: We Will See Later,Island IS4: The Pivot Archipelago,Municipality MU7: Council of Last Minute Edits,City CY115: Merged Cell Heights,Postal area PA268: Hidden Sheet Sector,Postal code PC806: #REF! Delivery Route,Street ST80: Circular Reference Road,Address AD268: Cell Without a Home,,Excel Is Not A Database Ltd 596,2015
527581,Country CT10: Land of The Final Version,Region RG17: We Will See Later,Island IS4: The Pivot Archipelago,Municipality MU7: Council of Last Minute Edits,,Postal area PA268: Hidden Sheet Sector,Postal code PC805: #REF! Delivery Route,Street ST85: Conditional Format Road,Address AD278: Cell Without a Home,,Excel Is Not A Database Ltd 89,2024
209560,Country CT10: Land of The Final Version,Region RG17: We Will See Later,Island IS4: The Pivot Archipelago,Municipality MU7: Council of Last Minute Edits,City CY116: Filtered View Heights,Postal area PA268: Hidden Sheet Sector,Postal code PC804: #REF! Delivery Route,Street ST79: Hidden Sheet Road,Address AD267: Cell Without a Home,,Excel Is Not A Database Ltd 913,2015
926285,Country CT10: Land of The Final Version,Region RG17: We Will See Later,Island IS4: The Pivot Archipelago,Municipality MU7: Council of Last Minute Edits,City CY112: Nested IF Heights,Postal area PA268: Hidden Sheet Sector,Postal code PC802: #REF! Delivery Route,Street ST83: AutoFill Road,Address AD275: Cell Without a Home,,Excel Is Not A Database Ltd 875,2021
492972,Country CT10: Land of The Final Version,Region RG17: We Will See Later,Island IS4: The Pivot Archipelago,Municipality MU7: Council of Last Minute Edits,,Postal area PA268: Hidden Sheet Sector,Postal code PC802: #REF! Delivery Route,Street ST83: AutoFill Road,Address AD276: Cell Without a Home,,Excel Is Not A Database Ltd 874,2021
434998,Country CT10: Land of The Final Version,Region RG17: We Will See Later,Island IS4: The Pivot Archipelago,Municipality MU7: Council of Last Minute Edits,,Postal area PA268: Hidden Sheet Sector,Postal code PC801: #REF! Delivery Route,Street ST82: Unsorted Road,Address AD274: Cell Without a Home,,Excel Is Not A Database Ltd 723,2015
666120,Country CT10: Land of The Final Version,Region RG17: We Will See Later,Island IS4: The Pivot Archipelago,Municipality MU7: Council of Last Minute Edits,City CY112: Nested IF Heights,Postal area PA268: Hidden Sheet Sector,Postal code PC800: #REF! Delivery Route,,Address AD273: Cell Without a Home,,Excel Is Not A Database Ltd 172,2016
806571,Country CT10: Land of The Final Version,Region RG17: We Will See Later,Island IS4: The Pivot Archipelago,Municipality MU7: Council of Last Minute Edits,City CY108: Frozen Pane Heights,Postal area PA268: Hidden Sheet Sector,Postal code PC799: #REF! Delivery Route,,Address AD270: Cell Without a Home,,Excel Is Not A Database Ltd 275,2017
358947,Country CT10: Land of The Final Version,Region RG17: We Will See Later,Island IS4: The Pivot Archipelago,Municipality MU7: Council of Last Minute Edits,City CY109: Conditional Format Heights,Postal area PA268: Hidden Sheet Sector,Postal code PC798: #REF! Delivery Route,Street ST73: Where-less Query Road,Address AD257: Cell Without a Home,,Excel Is Not A Database Ltd 123,2015
871761,Country CT10: Land of The Final Version,Region RG17: We Will See Later,Island IS4: The Pivot Archipelago,Municipality MU7: Council of Last Minute Edits,,Postal area PA268: Hidden Sheet Sector,Postal code PC797: #REF! Delivery Route,Street ST86: Relative Reference Road,Address AD279: Cell Without a Home,,Excel Is Not A Database Ltd 1136,2015
822314,Country CT10: Land of The Final Version,Region RG17: We Will See Later,Island IS4: The Pivot Archipelago,Municipality MU7: Council of Last Minute Edits,,Postal area PA268: Hidden Sheet Sector,Postal code PC796: #REF! Delivery Route,Street ST74: PowerPoint New Road,Address AD258: Cell Without a Home,,Excel Is Not A Database Ltd 645,2026
490009,Country CT10: Land of The Final Version,Region RG17: We Will See Later,Island IS4: The Pivot Archipelago,Municipality MU7: Council of Last Minute Edits,,Postal area PA268: Hidden Sheet Sector,Postal code PC795: #REF! Delivery Route,,Address AD272: Cell Without a Home,,Excel Is Not A Database Ltd 736,2015
448323,Country CT10: Land of The Final Version,Region RG17: We Will See Later,Island IS4: The Pivot Archipelago,Municipality MU7: Council of Last Minute Edits,City CY111: Absolute Reference Heights,Postal area PA268: Hidden Sheet Sector,Postal code PC795: #REF! Delivery Route,Street ST81: Missing Cell Road,Address AD271: Cell Without a Home,,Excel Is Not A Database Ltd 770,2015
547119,Country CT10: Land of The Final Version,Region RG17: We Will See Later,Island IS4: The Pivot Archipelago,Municipality MU7: Council of Last Minute Edits,City CY112: Nested IF Heights,Postal area PA268: Hidden Sheet Sector,Postal code PC794: #REF! Delivery Route,Street ST76: Pivot Table Road,Address AD262: Cell Without a Home,,Excel Is Not A Database Ltd 291,2015
582549,Country CT10: Land of The Final Version,Region RG17: We Will See Later,Island IS4: The Pivot Archipelago,Municipality MU7: Council of Last Minute Edits,,Postal area PA268: Hidden Sheet Sector,Postal code PC794: #REF! Delivery Route,,Address AD260: Cell Without a Home,,Excel Is Not A Database Ltd 239,2015
901016,Country CT10: Land of The Final Version,Region RG17: We Will See Later,Island IS4: The Pivot Archipelago,Municipality MU7: Council of Last Minute Edits,City CY112: Nested IF Heights,Postal area PA268: Hidden Sheet Sector,Postal code PC793: #REF! Delivery Route,Street ST75: VLOOKUP Road,Address AD261: Cell Without a Home,,Excel Is Not A Database Ltd 1056,2015
852953,Country CT10: Land of The Final Version,Region RG17: We Will See Later,Island IS4: The Pivot Archipelago,Municipality MU7: Council of Last Minute Edits,City CY107: AutoFill Heights,Postal area PA268: Hidden Sheet Sector,Postal code PC792: #REF! Delivery Route,,Address AD265: Cell Without a Home,,Excel Is Not A Database Ltd 1054,2015
481267,Country CT10: Land of The Final Version,Region RG17: We Will See Later,Island IS4: The Pivot Archipelago,Municipality MU7: Council of Last Minute Edits,,Postal area PA268: Hidden Sheet Sector,Postal code PC791: #REF! Delivery Route,,Address AD259: Cell Without a Home,,Excel Is Not A Database Ltd 722,2015
590227,Country CT10: Land of The Final Version,Region RG17: We Will See Later,Island IS4: The Pivot Archipelago,Municipality MU7: Council of Last Minute Edits,City CY113: Null Value Heights,Postal area PA268: Hidden Sheet Sector,Postal code PC790: #REF! Delivery Route,,Address AD269: Cell Without a Home,,Excel Is Not A Database Ltd 541,2020
154987,Country CT10: Land of The Final Version,Region RG17: We Will See Later,Island IS4: The Pivot Archipelago,Municipality MU7: Council of Last Minute Edits,City CY106: Unsorted Heights,Postal area PA268: Hidden Sheet Sector,Postal code PC789: #REF! Delivery Route,,Address AD264: Cell Without a Home,,Excel Is Not A Database Ltd 511,2015
119885,Country CT10: Land of The Final Version,Region RG17: We Will See Later,Island IS4: The Pivot Archipelago,Municipality MU7: Council of Last Minute Edits,City CY113: Null Value Heights,Postal area PA268: Hidden Sheet Sector,,Street ST77: Ctrl Z Road,Address AD263: Cell Without a Home,,Excel Is Not A Database Ltd 50,2017
821099,Country CT10: Land of The Final Version,Region RG17: We Will See Later,Island IS4: The Pivot Archipelago,Municipality MU7: Council of Last Minute Edits,City CY110: Relative Reference Heights,Postal area PA268: Hidden Sheet Sector,,Street ST78: Final Final Road,Address AD266: Cell Without a Home,,Excel Is Not A Database Ltd 832,2015
550457,Country CT10: Land of The Final Version,Region RG17: We Will See Later,Island IS4: The Pivot Archipelago,Municipality MU7: Council of Last Minute Edits,City CY113: Null Value Heights,Postal area PA268: Hidden Sheet Sector,Postal code PC803: #REF! Delivery Route,,Address AD270: Cell Without a Home,,Excel Is Not A Database Ltd 332,2017
545587,Country CT10: Land of The Final Version,Region RG17: We Will See Later,Island IS4: The Pivot Archipelago,Municipality MU15: Council of Last Minute Edits,,Postal area PA267: Hidden Sheet Sector,Postal code PC788: #REF! Delivery Route,Street ST174: Final Final Walk,Address AD475: Cell Without a Home,,Excel Is Not A Database Ltd 976,2017
177599,Country CT10: Land of The Final Version,Region RG17: We Will See Later,Island IS4: The Pivot Archipelago,Municipality MU15: Council of Last Minute Edits,,Postal area PA267: Hidden Sheet Sector,Postal code PC787: #REF! Delivery Route,Street ST175: Hidden Sheet Walk,Address AD473: Cell Without a Home,,Excel Is Not A Database Ltd 114,2015
803783,Country CT10: Land of The Final Version,Region RG17: We Will See Later,Island IS4: The Pivot Archipelago,Municipality MU15: Council of Last Minute Edits,City CY181: Conditional Format Grove,Postal area PA267: Hidden Sheet Sector,Postal code PC786: #REF! Delivery Route,Street ST173: Ctrl Z Walk,Address AD469: Cell Without a Home,,Excel Is Not A Database Ltd 256,2020
175701,Country CT10: Land of The Final Version,Region RG17: We Will See Later,Island IS4: The Pivot Archipelago,Municipality MU15: Council of Last Minute Edits,,Postal area PA267: Hidden Sheet Sector,Postal code PC786: #REF! Delivery Route,Street ST173: Ctrl Z Walk,Address AD468: Cell Without a Home,,Excel Is Not A Database Ltd 1057,2019
151492,Country CT10: Land of The Final Version,Region RG17: We Will See Later,Island IS4: The Pivot Archipelago,Municipality MU15: Council of Last Minute Edits,City CY172: Pivot Table Grove,Postal area PA267: Hidden Sheet Sector,Postal code PC785: #REF! Delivery Route,,Address AD472: Cell Without a Home,,Excel Is Not A Database Ltd 967,2015
503397,Country CT10: Land of The Final Version,Region RG17: We Will See Later,Island IS4: The Pivot Archipelago,Municipality MU15: Council of Last Minute Edits,,Postal area PA267: Hidden Sheet Sector,Postal code PC784: #REF! Delivery Route,,Address AD470: Cell Without a Home,,Excel Is Not A Database Ltd 303,2015
222828,Country CT10: Land of The Final Version,Region RG17: We Will See Later,Island IS4: The Pivot Archipelago,Municipality MU15: Council of Last Minute Edits,,Postal area PA267: Hidden Sheet Sector,Postal code PC783: #REF! Delivery Route,,Address AD458: Cell Without a Home,,Excel Is Not A Database Ltd 540,2019
424567,Country CT10: Land of The Final Version,Region RG17: We Will See Later,Island IS4: The Pivot Archipelago,Municipality MU15: Council of Last Minute Edits,,Postal area PA267: Hidden Sheet Sector,Postal code PC782: #REF! Delivery Route,,Address AD455: Cell Without a Home,,Excel Is Not A Database Ltd 698,2015
838689,Country CT10: Land of The Final Version,Region RG17: We Will See Later,Island IS4: The Pivot Archipelago,Municipality MU15: Council of Last Minute Edits,,Postal area PA267: Hidden Sheet Sector,Postal code PC781: #REF! Delivery Route,,Address AD461: Cell Without a Home,,Excel Is Not A Database Ltd 482,2015
991454,Country CT10: Land of The Final Version,Region RG17: We Will See Later,Island IS4: The Pivot Archipelago,Municipality MU15: Council of Last Minute Edits,City CY177: Missing Cell Grove,Postal area PA267: Hidden Sheet Sector,Postal code PC780: #REF! Delivery Route,,Address AD460: Cell Without a Home,,Excel Is Not A Database Ltd 527,2015
368681,Country CT10: Land of The Final Version,Region RG17: We Will See Later,Island IS4: The Pivot Archipelago,Municipality MU15: Council of Last Minute Edits,,Postal area PA267: Hidden Sheet Sector,Postal code PC779: #REF! Delivery Route,,Address AD471: Cell Without a Home,,Excel Is Not A Database Ltd 57,2015
755628,Country CT10: Land of The Final Version,Region RG17: We Will See Later,Island IS4: The Pivot Archipelago,Municipality MU15: Council of Last Minute Edits,City CY180: Frozen Pane Grove,Postal area PA267: Hidden Sheet Sector,Postal code PC778: #REF! Delivery Route,Street ST171: VLOOKUP Walk,Address AD456: Cell Without a Home,,Excel Is Not A Database Ltd 9,2015
702026,Country CT10: Land of The Final Version,Region RG17: We Will See Later,Island IS4: The Pivot Archipelago,Municipality MU15: Council of Last Minute Edits,City CY181: Conditional Format Grove,Postal area PA267: Hidden Sheet Sector,Postal code PC777: #REF! Delivery Route,,Address AD474: Cell Without a Home,,Excel Is Not A Database Ltd 1137,2016
886451,Country CT10: Land of The Final Version,Region RG17: We Will See Later,Island IS4: The Pivot Archipelago,Municipality MU15: Council of Last Minute Edits,,Postal area PA267: Hidden Sheet Sector,Postal code PC776: #REF! Delivery Route,,Address AD478: Cell Without a Home,,Excel Is Not A Database Ltd 852,2021
429945,Country CT10: Land of The Final Version,Region RG17: We Will See Later,Island IS4: The Pivot Archipelago,Municipality MU15: Council of Last Minute Edits,City CY179: AutoFill Grove,Postal area PA267: Hidden Sheet Sector,Postal code PC775: #REF! Delivery Route,Street ST176: Circular Reference Walk,Address AD476: Cell Without a Home,,Excel Is Not A Database Ltd 609,2015
522095,Country CT10: Land of The Final Version,Region RG17: We Will See Later,Island IS4: The Pivot Archipelago,Municipality MU15: Council of Last Minute Edits,City CY178: Unsorted Grove,Postal area PA267: Hidden Sheet Sector,Postal code PC774: #REF! Delivery Route,,Address AD457: Cell Without a Home,,Excel Is Not A Database Ltd 1092,2015
388347,Country CT10: Land of The Final Version,Region RG17: We Will See Later,Island IS4: The Pivot Archipelago,Municipality MU15: Council of Last Minute Edits,City CY181: Conditional Format Grove,Postal area PA267: Hidden Sheet Sector,Postal code PC773: #REF! Delivery Route,,Address AD462: Cell Without a Home,,Excel Is Not A Database Ltd 319,2015
425287,Country CT10: Land of The Final Version,Region RG17: We Will See Later,Island IS4: The Pivot Archipelago,Municipality MU15: Council of Last Minute Edits,City CY176: Circular Reference Grove,Postal area PA267: Hidden Sheet Sector,Postal code PC772: #REF! Delivery Route,,Address AD461: Cell Without a Home,,Excel Is Not A Database Ltd 211,2015
146476,Country CT10: Land of The Final Version,Region RG17: We Will See Later,Island IS4: The Pivot Archipelago,Municipality MU15: Council of Last Minute Edits,,Postal area PA267: Hidden Sheet Sector,Postal code PC772: #REF! Delivery Route,,Address AD459: Cell Without a Home,,Excel Is Not A Database Ltd 504,2015
787721,Country CT10: Land of The Final Version,Region RG17: We Will See Later,Island IS4: The Pivot Archipelago,Municipality MU15: Council of Last Minute Edits,City CY175: Hidden Sheet Grove,Postal area PA267: Hidden Sheet Sector,Postal code PC770: #REF! Delivery Route,,Address AD463: Cell Without a Home,,Excel Is Not A Database Ltd 777,2015
512600,Country CT10: Land of The Final Version,Region RG17: We Will See Later,Island IS4: The Pivot Archipelago,Municipality MU15: Council of Last Minute Edits,City CY174: Final Final Grove,Postal area PA267: Hidden Sheet Sector,Postal code PC770: #REF! Delivery Route,,Address AD465: Cell Without a Home,,Excel Is Not A Database Ltd 766,2015
760969,Country CT10: Land of The Final Version,Region RG17: We Will See Later,Island IS4: The Pivot Archipelago,Municipality MU15: Council of Last Minute Edits,,Postal area PA267: Hidden Sheet Sector,Postal code PC769: #REF! Delivery Route,,Address AD464: Cell Without a Home,,Excel Is Not A Database Ltd 788,2015
379060,Country CT10: Land of The Final Version,Region RG17: We Will See Later,Island IS4: The Pivot Archipelago,Municipality MU15: Council of Last Minute Edits,City CY181: Conditional Format Grove,Postal area PA267: Hidden Sheet Sector,,,Address AD477: Cell Without a Home,,Excel Is Not A Database Ltd 786,2015
757619,Country CT10: Land of The Final Version,Region RG17: We Will See Later,Island IS4: The Pivot Archipelago,Municipality MU15: Council of Last Minute Edits,City CY173: Ctrl Z Grove,Postal area PA267: Hidden Sheet Sector,,Street ST172: Pivot Table Walk,Address AD467: Cell Without a Home,,Excel Is Not A Database Ltd 38,2015
890988,Country CT10: Land of The Final Version,Region RG17: We Will See Later,Island IS4: The Pivot Archipelago,Municipality MU15: Council of Last Minute Edits,,Postal area PA267: Hidden Sheet Sector,Postal code PC771: #REF! Delivery Route,,Address AD466: Cell Without a Home,,Excel Is Not A Database Ltd 1120,2017
600547,Country CT10: Land of The Final Version,Region RG17: We Will See Later,Island IS4: The Pivot Archipelago,Municipality MU6: Council of Last Minute Edits,City CY100: Pivot Table Heights,Postal area PA266: Hidden Sheet Sector,Postal code PC768: #REF! Delivery Route,,Address AD229: Cell Without a Home,,Excel Is Not A Database Ltd 688,2018
427627,Country CT10: Land of The Final Version,Region RG17: We Will See Later,Island IS4: The Pivot Archipelago,Municipality MU6: Council of Last Minute Edits,City CY101: Ctrl Z Heights,Postal area PA266: Hidden Sheet Sector,Postal code PC768: #REF! Delivery Route,,Address AD227: Cell Without a Home,,Excel Is Not A Database Ltd 26,2015
835073,Country CT10: Land of The Final Version,Region RG17: We Will See Later,Island IS4: The Pivot Archipelago,Municipality MU6: Council of Last Minute Edits,,Postal area PA266: Hidden Sheet Sector,Postal code PC768: #REF! Delivery Route,,Address AD253: Cell Without a Home,,Excel Is Not A Database Ltd 903,2015
523922,Country CT10: Land of The Final Version,Region RG17: We Will See Later,Island IS4: The Pivot Archipelago,Municipality MU6: Council of Last Minute Edits,,Postal area PA266: Hidden Sheet Sector,Postal code PC767: #REF! Delivery Route,,Address AD221: Cell Without a Home,,Excel Is Not A Database Ltd 720,2015
554288,Country CT10: Land of The Final Version,Region RG17: We Will See Later,Island IS4: The Pivot Archipelago,Municipality MU6: Council of Last Minute Edits,City CY103: Hidden Sheet Heights,Postal area PA266: Hidden Sheet Sector,Postal code PC766: #REF! Delivery Route,,Address AD243: Cell Without a Home,,Excel Is Not A Database Ltd 995,2015
927000,Country CT10: Land of The Final Version,Region RG17: We Will See Later,Island IS4: The Pivot Archipelago,Municipality MU6: Council of Last Minute Edits,City CY105: Missing Cell Heights,Postal area PA266: Hidden Sheet Sector,Postal code PC766: #REF! Delivery Route,,Address AD249: Cell Without a Home,,Excel Is Not A Database Ltd 699,2023
353889,Country CT10: Land of The Final Version,Region RG17: We Will See Later,Island IS4: The Pivot Archipelago,Municipality MU6: Council of Last Minute Edits,City CY102: Final Final Heights,Postal area PA266: Hidden Sheet Sector,Postal code PC766: #REF! Delivery Route,,Address AD244: Cell Without a Home,,Excel Is Not A Database Ltd 355,2026
934081,Country CT10: Land of The Final Version,Region RG17: We Will See Later,Island IS4: The Pivot Archipelago,Municipality MU6: Council of Last Minute Edits,,Postal area PA266: Hidden Sheet Sector,Postal code PC765: #REF! Delivery Route,,Address AD220: Cell Without a Home,,Excel Is Not A Database Ltd 498,2026
384543,Country CT10: Land of The Final Version,Region RG17: We Will See Later,Island IS4: The Pivot Archipelago,Municipality MU6: Council of Last Minute Edits,City CY88: Nested IF Vale,Postal area PA266: Hidden Sheet Sector,Postal code PC765: #REF! Delivery Route,,Address AD223: Cell Without a Home,,Excel Is Not A Database Ltd 753,2016
666654,Country CT10: Land of The Final Version,Region RG17: We Will See Later,Island IS4: The Pivot Archipelago,Municipality MU6: Council of Last Minute Edits,,Postal area PA266: Hidden Sheet Sector,Postal code PC764: #REF! Delivery Route,,Address AD237: Cell Without a Home,,Excel Is Not A Database Ltd 282,2015
582172,Country CT10: Land of The Final Version,Region RG17: We Will See Later,Island IS4: The Pivot Archipelago,Municipality MU6: Council of Last Minute Edits,City CY104: Circular Reference Heights,Postal area PA266: Hidden Sheet Sector,Postal code PC763: #REF! Delivery Route,,Address AD239: Cell Without a Home,,Excel Is Not A Database Ltd 572,2026
316690,Country CT10: Land of The Final Version,Region RG17: We Will See Later,Island IS4: The Pivot Archipelago,Municipality MU6: Council of Last Minute Edits,City CY91: Merged Cell Vale,Postal area PA266: Hidden Sheet Sector,Postal code PC763: #REF! Delivery Route,,Address AD225: Cell Without a Home,,Excel Is Not A Database Ltd 1000,2025
600779,Country CT10: Land of The Final Version,Region RG17: We Will See Later,Island IS4: The Pivot Archipelago,Municipality MU6: Council of Last Minute Edits,City CY97: Where-less Query Heights,Postal area PA266: Hidden Sheet Sector,Postal code PC762: #REF! Delivery Route,,Address AD236: Cell Without a Home,,Excel Is Not A Database Ltd 64,2015
922160,Country CT10: Land of The Final Version,Region RG17: We Will See Later,Island IS4: The Pivot Archipelago,Municipality MU6: Council of Last Minute Edits,City CY97: Where-less Query Heights,Postal area PA266: Hidden Sheet Sector,Postal code PC761: #REF! Delivery Route,,Address AD230: Cell Without a Home,,Excel Is Not A Database Ltd 887,2015
325296,Country CT10: Land of The Final Version,Region RG17: We Will See Later,Island IS4: The Pivot Archipelago,Municipality MU6: Council of Last Minute Edits,City CY97: Where-less Query Heights,Postal area PA266: Hidden Sheet Sector,Postal code PC761: #REF! Delivery Route,,Address AD226: Cell Without a Home,,Excel Is Not A Database Ltd 856,2015
981074,Country CT10: Land of The Final Version,Region RG17: We Will See Later,Island IS4: The Pivot Archipelago,Municipality MU6: Council of Last Minute Edits,,Postal area PA266: Hidden Sheet Sector,Postal code PC761: #REF! Delivery Route,,Address AD228: Cell Without a Home,,Excel Is Not A Database Ltd 727,2015
764559,Country CT10: Land of The Final Version,Region RG17: We Will See Later,Island IS4: The Pivot Archipelago,Municipality MU6: Council of Last Minute Edits,City CY92: Filtered View Vale,Postal area PA266: Hidden Sheet Sector,Postal code PC760: #REF! Delivery Route,,Address AD224: Cell Without a Home,,Excel Is Not A Database Ltd 447,2015
952881,Country CT10: Land of The Final Version,Region RG17: We Will See Later,Island IS4: The Pivot Archipelago,Municipality MU6: Council of Last Minute Edits,,Postal area PA266: Hidden Sheet Sector,Postal code PC759: #REF! Delivery Route,Street ST68: Filtered View Avenue,Address AD241: Cell Without a Home,,Excel Is Not A Database Ltd 1001,2015
229396,Country CT10: Land of The Final Version,Region RG17: We Will See Later,Island IS4: The Pivot Archipelago,Municipality MU6: Council of Last Minute Edits,City CY95: Spill Error Vale,Postal area PA266: Hidden Sheet Sector,Postal code PC758: #REF! Delivery Route,,Address AD235: Cell Without a Home,,Excel Is Not A Database Ltd 23,2015
312933,Country CT10: Land of The Final Version,Region RG17: We Will See Later,Island IS4: The Pivot Archipelago,Municipality MU6: Council of Last Minute Edits,,Postal area PA266: Hidden Sheet Sector,Postal code PC758: #REF! Delivery Route,,Address AD233: Cell Without a Home,,Excel Is Not A Database Ltd 1093,2015
322897,Country CT10: Land of The Final Version,Region RG17: We Will See Later,Island IS4: The Pivot Archipelago,Municipality MU6: Council of Last Minute Edits,City CY96: Last Save Vale,Postal area PA266: Hidden Sheet Sector,Postal code PC758: #REF! Delivery Route,,Address AD234: Cell Without a Home,,Excel Is Not A Database Ltd 652,2020
436040,Country CT10: Land of The Final Version,Region RG17: We Will See Later,Island IS4: The Pivot Archipelago,Municipality MU6: Council of Last Minute Edits,,Postal area PA266: Hidden Sheet Sector,Postal code PC757: #REF! Delivery Route,Street ST66: Duplicate Row Avenue,Address AD222: Cell Without a Home,,Excel Is Not A Database Ltd 1117,2017
880186,Country CT10: Land of The Final Version,Region RG17: We Will See Later,Island IS4: The Pivot Archipelago,Municipality MU6: Council of Last Minute Edits,,Postal area PA266: Hidden Sheet Sector,Postal code PC757: #REF! Delivery Route,,Address AD255: Cell Without a Home,,Excel Is Not A Database Ltd 62,2015
400678,Country CT10: Land of The Final Version,Region RG17: We Will See Later,Island IS4: The Pivot Archipelago,Municipality MU6: Council of Last Minute Edits,,Postal area PA266: Hidden Sheet Sector,Postal code PC756: #REF! Delivery Route,,Address AD256: Cell Without a Home,,Excel Is Not A Database Ltd 707,2015
238692,Country CT10: Land of The Final Version,Region RG17: We Will See Later,Island IS4: The Pivot Archipelago,Municipality MU6: Council of Last Minute Edits,City CY93: Broken Formula Vale,Postal area PA266: Hidden Sheet Sector,Postal code PC755: #REF! Delivery Route,,Address AD250: Cell Without a Home,,Excel Is Not A Database Ltd 461,2015
881563,Country CT10: Land of The Final Version,Region RG17: We Will See Later,Island IS4: The Pivot Archipelago,Municipality MU6: Council of Last Minute Edits,City CY94: Cached Result Vale,Postal area PA266: Hidden Sheet Sector,Postal code PC754: #REF! Delivery Route,,Address AD248: Cell Without a Home,,Excel Is Not A Database Ltd 73,2023
899690,Country CT10: Land of The Final Version,Region RG17: We Will See Later,Island IS4: The Pivot Archipelago,Municipality MU6: Council of Last Minute Edits,,Postal area PA266: Hidden Sheet Sector,Postal code PC753: #REF! Delivery Route,Street ST71: Spill Error Avenue,Address AD246: Cell Without a Home,,Excel Is Not A Database Ltd 735,2016
823136,Country CT10: Land of The Final Version,Region RG17: We Will See Later,Island IS4: The Pivot Archipelago,Municipality MU6: Council of Last Minute Edits,,Postal area PA266: Hidden Sheet Sector,Postal code PC753: #REF! Delivery Route,Street ST72: Last Save Avenue,Address AD247: Cell Without a Home,,Excel Is Not A Database Ltd 274,2016
471047,Country CT10: Land of The Final Version,Region RG17: We Will See Later,Island IS4: The Pivot Archipelago,Municipality MU6: Council of Last Minute Edits,,Postal area PA266: Hidden Sheet Sector,Postal code PC752: #REF! Delivery Route,,Address AD245: Cell Without a Home,,Excel Is Not A Database Ltd 314,2015
111068,Country CT10: Land of The Final Version,Region RG17: We Will See Later,Island IS4: The Pivot Archipelago,Municipality MU6: Council of Last Minute Edits,,Postal area PA266: Hidden Sheet Sector,Postal code PC751: #REF! Delivery Route,,Address AD242: Cell Without a Home,,Excel Is Not A Database Ltd 845,2023
973924,Country CT10: Land of The Final Version,Region RG17: We Will See Later,Island IS4: The Pivot Archipelago,Municipality MU6: Council of Last Minute Edits,City CY94: Cached Result Vale,Postal area PA266: Hidden Sheet Sector,Postal code PC750: #REF! Delivery Route,Street ST67: Merged Cell Avenue,Address AD232: Cell Without a Home,,Excel Is Not A Database Ltd 292,2016
508217,Country CT10: Land of The Final Version,Region RG17: We Will See Later,Island IS4: The Pivot Archipelago,Municipality MU6: Council of Last Minute Edits,City CY90: Duplicate Row Vale,Postal area PA266: Hidden Sheet Sector,Postal code PC749: #REF! Delivery Route,Street ST70: Cached Result Avenue,Address AD252: Cell Without a Home,,Excel Is Not A Database Ltd 105,2020
554016,Country CT10: Land of The Final Version,Region RG17: We Will See Later,Island IS4: The Pivot Archipelago,Municipality MU6: Council of Last Minute Edits,City CY96: Last Save Vale,Postal area PA266: Hidden Sheet Sector,Postal code PC748: #REF! Delivery Route,Street ST69: Broken Formula Avenue,Address AD251: Cell Without a Home,,Excel Is Not A Database Ltd 825,2018
386004,Country CT10: Land of The Final Version,Region RG17: We Will See Later,Island IS4: The Pivot Archipelago,Municipality MU6: Council of Last Minute Edits,City CY89: Null Value Vale,Postal area PA266: Hidden Sheet Sector,,Street ST69: Broken Formula Avenue,Address AD251: Cell Without a Home,,Excel Is Not A Database Ltd 740,2015
696366,Country CT10: Land of The Final Version,Region RG17: We Will See Later,Island IS4: The Pivot Archipelago,Municipality MU6: Council of Last Minute Edits,City CY97: Where-less Query Heights,Postal area PA266: Hidden Sheet Sector,,,Address AD231: Cell Without a Home,,Excel Is Not A Database Ltd 999,2015
865086,Country CT10: Land of The Final Version,Region RG17: We Will See Later,Island IS4: The Pivot Archipelago,Municipality MU6: Council of Last Minute Edits,City CY99: VLOOKUP Heights,Postal area PA266: Hidden Sheet Sector,,,Address AD240: Cell Without a Home,,Excel Is Not A Database Ltd 732,2015
983478,Country CT10: Land of The Final Version,Region RG17: We Will See Later,Island IS4: The Pivot Archipelago,Municipality MU6: Council of Last Minute Edits,,Postal area PA266: Hidden Sheet Sector,,,Address AD254: Cell Without a Home,,Excel Is Not A Database Ltd 1052,2015
696763,Country CT10: Land of The Final Version,Region RG17: We Will See Later,Island IS4: The Pivot Archipelago,Municipality MU6: Council of Last Minute Edits,City CY98: PowerPoint New Heights,Postal area PA266: Hidden Sheet Sector,,,Address AD238: Cell Without a Home,,Excel Is Not A Database Ltd 112,2015
852932,Country CT10: Land of The Final Version,Region RG17: We Will See Later,Island IS4: The Pivot Archipelago,Municipality MU6: Council of Last Minute Edits,,Postal area PA266: Hidden Sheet Sector,,,Address AD219: Cell Without a Home,,Excel Is Not A Database Ltd 1108,2019
449027,Country CT10: Land of The Final Version,Region RG17: We Will See Later,Island IS1: The Pivot Archipelago,Municipality MU3: Council of Last Minute Edits,City CY66: Duplicate Row Harbor,Postal area PA265: Hidden Sheet Sector,Postal code PC747: #REF! Delivery Route,,Address AD189: Cell Without a Home,,Excel Is Not A Database Ltd 285,2015
902830,Country CT10: Land of The Final Version,Region RG17: We Will See Later,Island IS1: The Pivot Archipelago,Municipality MU3: Council of Last Minute Edits,City CY71: Spill Error Harbor,Postal area PA265: Hidden Sheet Sector,Postal code PC747: #REF! Delivery Route,,Address AD194: Cell Without a Home,,Excel Is Not A Database Ltd 960,2015
972562,Country CT10: Land of The Final Version,Region RG17: We Will See Later,Island IS1: The Pivot Archipelago,Municipality MU3: Council of Last Minute Edits,City CY71: Spill Error Harbor,Postal area PA265: Hidden Sheet Sector,Postal code PC746: #REF! Delivery Route,,Address AD159: Cell Without a Home,,Excel Is Not A Database Ltd 594,2015
561325,Country CT10: Land of The Final Version,Region RG17: We Will See Later,Island IS1: The Pivot Archipelago,Municipality MU3: Council of Last Minute Edits,City CY74: PowerPoint New Vale,Postal area PA265: Hidden Sheet Sector,Postal code PC746: #REF! Delivery Route,Street ST34: Unsorted Lane,Address AD158: Cell Without a Home,,Excel Is Not A Database Ltd 955,2020
667800,Country CT10: Land of The Final Version,Region RG17: We Will See Later,Island IS1: The Pivot Archipelago,Municipality MU3: Council of Last Minute Edits,City CY73: Where-less Query Vale,Postal area PA265: Hidden Sheet Sector,Postal code PC746: #REF! Delivery Route,,Address AD160: Cell Without a Home,,Excel Is Not A Database Ltd 661,2018
781443,Country CT10: Land of The Final Version,Region RG17: We Will See Later,Island IS1: The Pivot Archipelago,Municipality MU3: Council of Last Minute Edits,City CY71: Spill Error Harbor,Postal area PA265: Hidden Sheet Sector,Postal code PC745: #REF! Delivery Route,,Address AD191: Cell Without a Home,,Excel Is Not A Database Ltd 1132,2018
827354,Country CT10: Land of The Final Version,Region RG17: We Will See Later,Island IS1: The Pivot Archipelago,Municipality MU3: Council of Last Minute Edits,City CY78: Final Final Vale,Postal area PA265: Hidden Sheet Sector,Postal code PC745: #REF! Delivery Route,,Address AD154: Cell Without a Home,,Excel Is Not A Database Ltd 429,2018
261206,Country CT10: Land of The Final Version,Region RG17: We Will See Later,Island IS1: The Pivot Archipelago,Municipality MU3: Council of Last Minute Edits,City CY75: VLOOKUP Vale,Postal area PA265: Hidden Sheet Sector,Postal code PC745: #REF! Delivery Route,,Address AD195: Cell Without a Home,,Excel Is Not A Database Ltd 255,2017
707415,Country CT10: Land of The Final Version,Region RG17: We Will See Later,Island IS1: The Pivot Archipelago,Municipality MU3: Council of Last Minute Edits,City CY76: Pivot Table Vale,Postal area PA265: Hidden Sheet Sector,Postal code PC744: #REF! Delivery Route,,Address AD162: Cell Without a Home,,Excel Is Not A Database Ltd 138,2018
962625,Country CT10: Land of The Final Version,Region RG17: We Will See Later,Island IS1: The Pivot Archipelago,Municipality MU3: Council of Last Minute Edits,City CY70: Cached Result Harbor,Postal area PA265: Hidden Sheet Sector,Postal code PC744: #REF! Delivery Route,,Address AD173: Cell Without a Home,,Excel Is Not A Database Ltd 795,2015
902046,Country CT10: Land of The Final Version,Region RG17: We Will See Later,Island IS1: The Pivot Archipelago,Municipality MU3: Council of Last Minute Edits,,Postal area PA265: Hidden Sheet Sector,Postal code PC743: #REF! Delivery Route,,Address AD192: Cell Without a Home,,Excel Is Not A Database Ltd 862,2015
320681,Country CT10: Land of The Final Version,Region RG17: We Will See Later,Island IS1: The Pivot Archipelago,Municipality MU3: Council of Last Minute Edits,,Postal area PA265: Hidden Sheet Sector,Postal code PC742: #REF! Delivery Route,,Address AD164: Cell Without a Home,,Excel Is Not A Database Ltd 309,2017
566568,Country CT10: Land of The Final Version,Region RG17: We Will See Later,Island IS1: The Pivot Archipelago,Municipality MU3: Council of Last Minute Edits,City CY69: Broken Formula Harbor,Postal area PA265: Hidden Sheet Sector,Postal code PC741: #REF! Delivery Route,,Address AD166: Cell Without a Home,,Excel Is Not A Database Ltd 428,2018
112532,Country CT10: Land of The Final Version,Region RG17: We Will See Later,Island IS1: The Pivot Archipelago,Municipality MU3: Council of Last Minute Edits,City CY68: Filtered View Harbor,Postal area PA265: Hidden Sheet Sector,Postal code PC741: #REF! Delivery Route,,Address AD163: Cell Without a Home,,Excel Is Not A Database Ltd 37,2015
424538,Country CT10: Land of The Final Version,Region RG17: We Will See Later,Island IS1: The Pivot Archipelago,Municipality MU3: Council of Last Minute Edits,,Postal area PA265: Hidden Sheet Sector,Postal code PC740: #REF! Delivery Route,,Address AD153: Cell Without a Home,,Excel Is Not A Database Ltd 315,2015
328976,Country CT10: Land of The Final Version,Region RG17: We Will See Later,Island IS1: The Pivot Archipelago,Municipality MU3: Council of Last Minute Edits,City CY69: Broken Formula Harbor,Postal area PA265: Hidden Sheet Sector,Postal code PC739: #REF! Delivery Route,,Address AD157: Cell Without a Home,,Excel Is Not A Database Ltd 1005,2017
614065,Country CT10: Land of The Final Version,Region RG17: We Will See Later,Island IS1: The Pivot Archipelago,Municipality MU3: Council of Last Minute Edits,City CY67: Merged Cell Harbor,Postal area PA265: Hidden Sheet Sector,Postal code PC739: #REF! Delivery Route,,Address AD161: Cell Without a Home,,Excel Is Not A Database Ltd 107,2024
585710,Country CT10: Land of The Final Version,Region RG17: We Will See Later,Island IS1: The Pivot Archipelago,Municipality MU3: Council of Last Minute Edits,,Postal area PA265: Hidden Sheet Sector,Postal code PC738: #REF! Delivery Route,,Address AD155: Cell Without a Home,,Excel Is Not A Database Ltd 559,2015
516462,Country CT10: Land of The Final Version,Region RG17: We Will See Later,Island IS1: The Pivot Archipelago,Municipality MU3: Council of Last Minute Edits,City CY69: Broken Formula Harbor,Postal area PA265: Hidden Sheet Sector,Postal code PC737: #REF! Delivery Route,Street ST41: Null Value Lane,Address AD178: Cell Without a Home,,Excel Is Not A Database Ltd 377,2015
855114,Country CT10: Land of The Final Version,Region RG17: We Will See Later,Island IS1: The Pivot Archipelago,Municipality MU3: Council of Last Minute Edits,City CY71: Spill Error Harbor,Postal area PA265: Hidden Sheet Sector,Postal code PC736: #REF! Delivery Route,,Address AD174: Cell Without a Home,,Excel Is Not A Database Ltd 306,2015
863285,Country CT10: Land of The Final Version,Region RG17: We Will See Later,Island IS1: The Pivot Archipelago,Municipality MU3: Council of Last Minute Edits,City CY72: Last Save Harbor,Postal area PA265: Hidden Sheet Sector,Postal code PC736: #REF! Delivery Route,,Address AD175: Cell Without a Home,,Excel Is Not A Database Ltd 163,2015
500629,Country CT10: Land of The Final Version,Region RG17: We Will See Later,Island IS1: The Pivot Archipelago,Municipality MU3: Council of Last Minute Edits,,Postal area PA265: Hidden Sheet Sector,Postal code PC735: #REF! Delivery Route,Street ST37: Conditional Format Lane,Address AD169: Cell Without a Home,,Excel Is Not A Database Ltd 593,2015
762872,Country CT10: Land of The Final Version,Region RG17: We Will See Later,Island IS1: The Pivot Archipelago,Municipality MU3: Council of Last Minute Edits,City CY72: Last Save Harbor,Postal area PA265: Hidden Sheet Sector,Postal code PC735: #REF! Delivery Route,Street ST37: Conditional Format Lane,Address AD170: Cell Without a Home,,Excel Is Not A Database Ltd 857,2015
787202,Country CT10: Land of The Final Version,Region RG17: We Will See Later,Island IS1: The Pivot Archipelago,Municipality MU3: Council of Last Minute Edits,City CY71: Spill Error Harbor,Postal area PA265: Hidden Sheet Sector,Postal code PC735: #REF! Delivery Route,,Address AD167: Cell Without a Home,,Excel Is Not A Database Ltd 908,2017
846138,Country CT10: Land of The Final Version,Region RG17: We Will See Later,Island IS1: The Pivot Archipelago,Municipality MU3: Council of Last Minute Edits,City CY71: Spill Error Harbor,Postal area PA265: Hidden Sheet Sector,Postal code PC734: #REF! Delivery Route,Street ST50: PowerPoint New Avenue,Address AD188: Cell Without a Home,,Excel Is Not A Database Ltd 418,2015
953413,Country CT10: Land of The Final Version,Region RG17: We Will See Later,Island IS1: The Pivot Archipelago,Municipality MU3: Council of Last Minute Edits,,Postal area PA265: Hidden Sheet Sector,Postal code PC734: #REF! Delivery Route,Street ST49: Where-less Query Avenue,Address AD187: Cell Without a Home,,Excel Is Not A Database Ltd 110,2015
768343,Country CT10: Land of The Final Version,Region RG17: We Will See Later,Island IS1: The Pivot Archipelago,Municipality MU3: Council of Last Minute Edits,City CY72: Last Save Harbor,Postal area PA265: Hidden Sheet Sector,Postal code PC733: #REF! Delivery Route,Street ST35: AutoFill Lane,Address AD165: Cell Without a Home,,Excel Is Not A Database Ltd 295,2015
315351,Country CT10: Land of The Final Version,Region RG17: We Will See Later,Island IS1: The Pivot Archipelago,Municipality MU3: Council of Last Minute Edits,City CY69: Broken Formula Harbor,Postal area PA265: Hidden Sheet Sector,Postal code PC732: #REF! Delivery Route,Street ST40: Nested IF Lane,Address AD176: Cell Without a Home,,Excel Is Not A Database Ltd 448,2015
244988,Country CT10: Land of The Final Version,Region RG17: We Will See Later,Island IS1: The Pivot Archipelago,Municipality MU3: Council of Last Minute Edits,City CY69: Broken Formula Harbor,Postal area PA265: Hidden Sheet Sector,Postal code PC731: #REF! Delivery Route,Street ST44: Filtered View Lane,Address AD181: Cell Without a Home,,Excel Is Not A Database Ltd 558,2015
253383,Country CT10: Land of The Final Version,Region RG17: We Will See Later,Island IS1: The Pivot Archipelago,Municipality MU3: Council of Last Minute Edits,,Postal area PA265: Hidden Sheet Sector,Postal code PC731: #REF! Delivery Route,Street ST45: Broken Formula Lane,Address AD183: Cell Without a Home,,Excel Is Not A Database Ltd 823,2015
547470,Country CT10: Land of The Final Version,Region RG17: We Will See Later,Island IS1: The Pivot Archipelago,Municipality MU3: Council of Last Minute Edits,City CY69: Broken Formula Harbor,Postal area PA265: Hidden Sheet Sector,Postal code PC731: #REF! Delivery Route,Street ST46: Cached Result Lane,Address AD184: Cell Without a Home,,Excel Is Not A Database Ltd 824,2018
384090,Country CT10: Land of The Final Version,Region RG17: We Will See Later,Island IS1: The Pivot Archipelago,Municipality MU3: Council of Last Minute Edits,City CY69: Broken Formula Harbor,Postal area PA265: Hidden Sheet Sector,Postal code PC730: #REF! Delivery Route,Street ST39: Absolute Reference Lane,Address AD172: Cell Without a Home,,Excel Is Not A Database Ltd 426,2015
385281,Country CT10: Land of The Final Version,Region RG17: We Will See Later,Island IS1: The Pivot Archipelago,Municipality MU3: Council of Last Minute Edits,City CY69: Broken Formula Harbor,Postal area PA265: Hidden Sheet Sector,Postal code PC729: #REF! Delivery Route,Street ST42: Duplicate Row Lane,Address AD179: Cell Without a Home,,Excel Is Not A Database Ltd 733,2015
713532,Country CT10: Land of The Final Version,Region RG17: We Will See Later,Island IS1: The Pivot Archipelago,Municipality MU3: Council of Last Minute Edits,,Postal area PA265: Hidden Sheet Sector,Postal code PC729: #REF! Delivery Route,Street ST43: Merged Cell Lane,Address AD180: Cell Without a Home,,Excel Is Not A Database Ltd 170,2016
184050,Country CT10: Land of The Final Version,Region RG17: We Will See Later,Island IS1: The Pivot Archipelago,Municipality MU3: Council of Last Minute Edits,,Postal area PA265: Hidden Sheet Sector,Postal code PC728: #REF! Delivery Route,,Address AD156: Cell Without a Home,,Excel Is Not A Database Ltd 108,2016
196878,Country CT10: Land of The Final Version,Region RG17: We Will See Later,Island IS1: The Pivot Archipelago,Municipality MU3: Council of Last Minute Edits,,Postal area PA265: Hidden Sheet Sector,Postal code PC728: #REF! Delivery Route,Street ST48: Last Save Lane,Address AD186: Cell Without a Home,,Excel Is Not A Database Ltd 494,2015
800148,Country CT10: Land of The Final Version,Region RG17: We Will See Later,Island IS1: The Pivot Archipelago,Municipality MU3: Council of Last Minute Edits,City CY77: Ctrl Z Vale,Postal area PA265: Hidden Sheet Sector,Postal code PC727: #REF! Delivery Route,,Address AD190: Cell Without a Home,,Excel Is Not A Database Ltd 912,2016
542728,Country CT10: Land of The Final Version,Region RG17: We Will See Later,Island IS1: The Pivot Archipelago,Municipality MU3: Council of Last Minute Edits,City CY71: Spill Error Harbor,Postal area PA265: Hidden Sheet Sector,Postal code PC727: #REF! Delivery Route,,Address AD193: Cell Without a Home,,Excel Is Not A Database Ltd 300,2017
801104,Country CT10: Land of The Final Version,Region RG17: We Will See Later,Island IS1: The Pivot Archipelago,Municipality MU3: Council of Last Minute Edits,City CY71: Spill Error Harbor,Postal area PA265: Hidden Sheet Sector,,Street ST47: Spill Error Lane,Address AD182: Cell Without a Home,,Excel Is Not A Database Ltd 894,2015
374175,Country CT10: Land of The Final Version,Region RG17: We Will See Later,Island IS1: The Pivot Archipelago,Municipality MU3: Council of Last Minute Edits,City CY71: Spill Error Harbor,Postal area PA265: Hidden Sheet Sector,,Street ST38: Relative Reference Lane,Address AD171: Cell Without a Home,,Excel Is Not A Database Ltd 854,2015
738188,Country CT10: Land of The Final Version,Region RG17: We Will See Later,Island IS1: The Pivot Archipelago,Municipality MU3: Council of Last Minute Edits,,Postal area PA265: Hidden Sheet Sector,,Street ST40: Nested IF Lane,Address AD177: Cell Without a Home,,Excel Is Not A Database Ltd 218,2015
415723,Country CT10: Land of The Final Version,Region RG17: We Will See Later,Island IS1: The Pivot Archipelago,Municipality MU3: Council of Last Minute Edits,City CY72: Last Save Harbor,Postal area PA265: Hidden Sheet Sector,,Street ST36: Frozen Pane Lane,Address AD168: Cell Without a Home,,Excel Is Not A Database Ltd 1078,2015
823558,Country CT10: Land of The Final Version,Region RG17: We Will See Later,Island IS1: The Pivot Archipelago,Municipality MU3: Council of Last Minute Edits,,Postal area PA265: Hidden Sheet Sector,,Street ST48: Last Save Lane,Address AD185: Cell Without a Home,,Excel Is Not A Database Ltd 1081,2015
430212,Country CT10: Land of The Final Version,Region RG17: We Will See Later,Island IS3: The Pivot Archipelago,Municipality MU13: Council of Last Minute Edits,City CY163: Merged Cell Bay,Postal area PA264: Hidden Sheet Sector,Postal code PC726: #REF! Delivery Route,Street ST162: Duplicate Row Way,Address AD433: Cell Without a Home,,Excel Is Not A Database Ltd 469,2015
670142,Country CT10: Land of The Final Version,Region RG17: We Will See Later,Island IS3: The Pivot Archipelago,Municipality MU13: Council of Last Minute Edits,City CY163: Merged Cell Bay,Postal area PA264: Hidden Sheet Sector,Postal code PC726: #REF! Delivery Route,Street ST162: Duplicate Row Way,Address AD433: Cell Without a Home,,Excel Is Not A Database Ltd 217,2015
802900,Country CT10: Land of The Final Version,Region RG17: We Will See Later,Island IS3: The Pivot Archipelago,Municipality MU13: Council of Last Minute Edits,City CY163: Merged Cell Bay,Postal area PA264: Hidden Sheet Sector,Postal code PC725: #REF! Delivery Route,,Address AD424: Cell Without a Home,,Excel Is Not A Database Ltd 351,2018
625161,Country CT10: Land of The Final Version,Region RG17: We Will See Later,Island IS3: The Pivot Archipelago,Municipality MU13: Council of Last Minute Edits,,Postal area PA264: Hidden Sheet Sector,Postal code PC724: #REF! Delivery Route,,Address AD434: Cell Without a Home,,Excel Is Not A Database Ltd 407,2015
981939,Country CT10: Land of The Final Version,Region RG17: We Will See Later,Island IS3: The Pivot Archipelago,Municipality MU13: Council of Last Minute Edits,City CY168: Last Save Bay,Postal area PA264: Hidden Sheet Sector,Postal code PC723: #REF! Delivery Route,Street ST160: Nested IF Way,Address AD428: Cell Without a Home,,Excel Is Not A Database Ltd 1107,2015
976955,Country CT10: Land of The Final Version,Region RG17: We Will See Later,Island IS3: The Pivot Archipelago,Municipality MU13: Council of Last Minute Edits,City CY168: Last Save Bay,Postal area PA264: Hidden Sheet Sector,Postal code PC722: #REF! Delivery Route,,Address AD426: Cell Without a Home,,Excel Is Not A Database Ltd 615,2015
516150,Country CT10: Land of The Final Version,Region RG17: We Will See Later,Island IS3: The Pivot Archipelago,Municipality MU13: Council of Last Minute Edits,,Postal area PA264: Hidden Sheet Sector,Postal code PC722: #REF! Delivery Route,Street ST158: Relative Reference Way,Address AD427: Cell Without a Home,,Excel Is Not A Database Ltd 614,2015
418683,Country CT10: Land of The Final Version,Region RG17: We Will See Later,Island IS3: The Pivot Archipelago,Municipality MU13: Council of Last Minute Edits,City CY163: Merged Cell Bay,Postal area PA264: Hidden Sheet Sector,Postal code PC721: #REF! Delivery Route,Street ST156: Frozen Pane Way,Address AD423: Cell Without a Home,,Excel Is Not A Database Ltd 503,2015
185541,Country CT10: Land of The Final Version,Region RG17: We Will See Later,Island IS3: The Pivot Archipelago,Municipality MU13: Council of Last Minute Edits,,Postal area PA264: Hidden Sheet Sector,Postal code PC720: #REF! Delivery Route,Street ST161: Null Value Way,Address AD432: Cell Without a Home,,Excel Is Not A Database Ltd 479,2015
796571,Country CT10: Land of The Final Version,Region RG17: We Will See Later,Island IS3: The Pivot Archipelago,Municipality MU13: Council of Last Minute Edits,City CY164: Filtered View Bay,Postal area PA264: Hidden Sheet Sector,Postal code PC719: #REF! Delivery Route,Street ST154: Unsorted Way,Address AD417: Cell Without a Home,,Excel Is Not A Database Ltd 917,2015
703834,Country CT10: Land of The Final Version,Region RG17: We Will See Later,Island IS3: The Pivot Archipelago,Municipality MU13: Council of Last Minute Edits,,Postal area PA264: Hidden Sheet Sector,Postal code PC718: #REF! Delivery Route,,Address AD425: Cell Without a Home,,Excel Is Not A Database Ltd 432,2016
944110,Country CT10: Land of The Final Version,Region RG17: We Will See Later,Island IS3: The Pivot Archipelago,Municipality MU13: Council of Last Minute Edits,City CY163: Merged Cell Bay,Postal area PA264: Hidden Sheet Sector,Postal code PC717: #REF! Delivery Route,,Address AD420: Cell Without a Home,,Excel Is Not A Database Ltd 444,2018
895518,Country CT10: Land of The Final Version,Region RG17: We Will See Later,Island IS3: The Pivot Archipelago,Municipality MU13: Council of Last Minute Edits,City CY170: PowerPoint New Grove,Postal area PA264: Hidden Sheet Sector,Postal code PC716: #REF! Delivery Route,Street ST159: Absolute Reference Way,Address AD430: Cell Without a Home,,Excel Is Not A Database Ltd 792,2015
861390,Country CT10: Land of The Final Version,Region RG17: We Will See Later,Island IS3: The Pivot Archipelago,Municipality MU13: Council of Last Minute Edits,City CY166: Cached Result Bay,Postal area PA264: Hidden Sheet Sector,Postal code PC715: #REF! Delivery Route,,Address AD415: Cell Without a Home,,Excel Is Not A Database Ltd 189,2023
520330,Country CT10: Land of The Final Version,Region RG17: We Will See Later,Island IS3: The Pivot Archipelago,Municipality MU13: Council of Last Minute Edits,City CY169: Where-less Query Grove,Postal area PA264: Hidden Sheet Sector,Postal code PC714: #REF! Delivery Route,,Address AD419: Cell Without a Home,,Excel Is Not A Database Ltd 523,2019
314628,Country CT10: Land of The Final Version,Region RG17: We Will See Later,Island IS3: The Pivot Archipelago,Municipality MU13: Council of Last Minute Edits,City CY163: Merged Cell Bay,Postal area PA264: Hidden Sheet Sector,Postal code PC713: #REF! Delivery Route,,Address AD429: Cell Without a Home,,Excel Is Not A Database Ltd 134,2021
645017,Country CT10: Land of The Final Version,Region RG17: We Will See Later,Island IS3: The Pivot Archipelago,Municipality MU13: Council of Last Minute Edits,City CY165: Broken Formula Bay,Postal area PA264: Hidden Sheet Sector,Postal code PC712: #REF! Delivery Route,Street ST155: AutoFill Way,Address AD421: Cell Without a Home,,Excel Is Not A Database Ltd 896,2015
369729,Country CT10: Land of The Final Version,Region RG17: We Will See Later,Island IS3: The Pivot Archipelago,Municipality MU13: Council of Last Minute Edits,,Postal area PA264: Hidden Sheet Sector,Postal code PC711: #REF! Delivery Route,,Address AD431: Cell Without a Home,,Excel Is Not A Database Ltd 66,2015
191447,Country CT10: Land of The Final Version,Region RG17: We Will See Later,Island IS3: The Pivot Archipelago,Municipality MU13: Council of Last Minute Edits,City CY168: Last Save Bay,Postal area PA264: Hidden Sheet Sector,Postal code PC710: #REF! Delivery Route,Street ST157: Conditional Format Way,Address AD422: Cell Without a Home,,Excel Is Not A Database Ltd 620,2016
530183,Country CT10: Land of The Final Version,Region RG17: We Will See Later,Island IS3: The Pivot Archipelago,Municipality MU13: Council of Last Minute Edits,,Postal area PA264: Hidden Sheet Sector,Postal code PC710: #REF! Delivery Route,,Address AD418: Cell Without a Home,,Excel Is Not A Database Ltd 144,2026
491243,Country CT10: Land of The Final Version,Region RG17: We Will See Later,Island IS3: The Pivot Archipelago,Municipality MU13: Council of Last Minute Edits,City CY167: Spill Error Bay,Postal area PA264: Hidden Sheet Sector,Postal code PC709: #REF! Delivery Route,,Address AD416: Cell Without a Home,,Excel Is Not A Database Ltd 1024,2017
597661,Country CT10: Land of The Final Version,Region RG17: We Will See Later,Island IS6: The Pivot Archipelago,Municipality MU2: Council of Last Minute Edits,City CY65: Null Value Harbor,Postal area PA263: Hidden Sheet Sector,Postal code PC708: #REF! Delivery Route,,Address AD150: Cell Without a Home,,Excel Is Not A Database Ltd 1095,2015
256722,Country CT10: Land of The Final Version,Region RG17: We Will See Later,Island IS6: The Pivot Archipelago,Municipality MU2: Council of Last Minute Edits,City CY61: Conditional Format Harbor,Postal area PA263: Hidden Sheet Sector,Postal code PC708: #REF! Delivery Route,Street ST33: Missing Cell Lane,Address AD149: Cell Without a Home,,Excel Is Not A Database Ltd 394,2015
208173,Country CT10: Land of The Final Version,Region RG17: We Will See Later,Island IS6: The Pivot Archipelago,Municipality MU2: Council of Last Minute Edits,,Postal area PA263: Hidden Sheet Sector,Postal code PC707: #REF! Delivery Route,Street ST32: Circular Reference Lane,Address AD148: Cell Without a Home,,Excel Is Not A Database Ltd 329,2015
567295,Country CT10: Land of The Final Version,Region RG17: We Will See Later,Island IS6: The Pivot Archipelago,Municipality MU2: Council of Last Minute Edits,,Postal area PA263: Hidden Sheet Sector,Postal code PC706: #REF! Delivery Route,,Address AD147: Cell Without a Home,,Excel Is Not A Database Ltd 932,2022
164844,Country CT10: Land of The Final Version,Region RG17: We Will See Later,Island IS6: The Pivot Archipelago,Municipality MU2: Council of Last Minute Edits,City CY60: Frozen Pane Harbor,Postal area PA263: Hidden Sheet Sector,Postal code PC705: #REF! Delivery Route,,Address AD152: Cell Without a Home,,Excel Is Not A Database Ltd 120,2015
799087,Country CT10: Land of The Final Version,Region RG17: We Will See Later,Island IS6: The Pivot Archipelago,Municipality MU2: Council of Last Minute Edits,,Postal area PA263: Hidden Sheet Sector,Postal code PC705: #REF! Delivery Route,,Address AD151: Cell Without a Home,,Excel Is Not A Database Ltd 761,2015
165185,Country CT10: Land of The Final Version,Region RG17: We Will See Later,Island IS6: The Pivot Archipelago,Municipality MU2: Council of Last Minute Edits,,Postal area PA263: Hidden Sheet Sector,Postal code PC704: #REF! Delivery Route,,Address AD146: Cell Without a Home,,Excel Is Not A Database Ltd 644,2021
801976,Country CT10: Land of The Final Version,Region RG17: We Will See Later,Island IS6: The Pivot Archipelago,Municipality MU2: Council of Last Minute Edits,City CY62: Relative Reference Harbor,Postal area PA263: Hidden Sheet Sector,Postal code PC703: #REF! Delivery Route,,Address AD145: Cell Without a Home,,Excel Is Not A Database Ltd 678,2015
304262,Country CT10: Land of The Final Version,Region RG17: We Will See Later,Island IS6: The Pivot Archipelago,Municipality MU2: Council of Last Minute Edits,City CY59: AutoFill Harbor,Postal area PA262: Hidden Sheet Sector,Postal code PC702: #REF! Delivery Route,,Address AD143: Cell Without a Home,,Excel Is Not A Database Ltd 760,2015
552734,Country CT10: Land of The Final Version,Region RG17: We Will See Later,Island IS6: The Pivot Archipelago,Municipality MU2: Council of Last Minute Edits,City CY59: AutoFill Harbor,Postal area PA262: Hidden Sheet Sector,Postal code PC701: #REF! Delivery Route,,Address AD140: Cell Without a Home,,Excel Is Not A Database Ltd 878,2015
227020,Country CT10: Land of The Final Version,Region RG17: We Will See Later,Island IS6: The Pivot Archipelago,Municipality MU2: Council of Last Minute Edits,City CY61: Conditional Format Harbor,Postal area PA262: Hidden Sheet Sector,Postal code PC700: #REF! Delivery Route,,Address AD142: Cell Without a Home,,Excel Is Not A Database Ltd 21,2015
168942,Country CT10: Land of The Final Version,Region RG17: We Will See Later,Island IS6: The Pivot Archipelago,Municipality MU2: Council of Last Minute Edits,,Postal area PA262: Hidden Sheet Sector,Postal code PC700: #REF! Delivery Route,,Address AD141: Cell Without a Home,,Excel Is Not A Database Ltd 677,2015
371143,Country CT10: Land of The Final Version,Region RG17: We Will See Later,Island IS6: The Pivot Archipelago,Municipality MU2: Council of Last Minute Edits,,Postal area PA262: Hidden Sheet Sector,Postal code PC699: #REF! Delivery Route,Street ST24: Last Save Street,Address AD123: Cell Without a Home,,Excel Is Not A Database Ltd 380,2015
258933,Country CT10: Land of The Final Version,Region RG17: We Will See Later,Island IS6: The Pivot Archipelago,Municipality MU2: Council of Last Minute Edits,City CY61: Conditional Format Harbor,Postal area PA262: Hidden Sheet Sector,Postal code PC698: #REF! Delivery Route,,Address AD127: Cell Without a Home,,Excel Is Not A Database Ltd 25,2018
212397,Country CT10: Land of The Final Version,Region RG17: We Will See Later,Island IS6: The Pivot Archipelago,Municipality MU2: Council of Last Minute Edits,,Postal area PA262: Hidden Sheet Sector,Postal code PC697: #REF! Delivery Route,,Address AD126: Cell Without a Home,,Excel Is Not A Database Ltd 1021,2024
684173,Country CT10: Land of The Final Version,Region RG17: We Will See Later,Island IS6: The Pivot Archipelago,Municipality MU2: Council of Last Minute Edits,City CY64: Nested IF Harbor,Postal area PA262: Hidden Sheet Sector,Postal code PC696: #REF! Delivery Route,,Address AD125: Cell Without a Home,,Excel Is Not A Database Ltd 381,2017
923659,Country CT10: Land of The Final Version,Region RG17: We Will See Later,Island IS6: The Pivot Archipelago,Municipality MU2: Council of Last Minute Edits,City CY59: AutoFill Harbor,Postal area PA262: Hidden Sheet Sector,Postal code PC696: #REF! Delivery Route,,Address AD129: Cell Without a Home,,Excel Is Not A Database Ltd 15,2015
738735,Country CT10: Land of The Final Version,Region RG17: We Will See Later,Island IS6: The Pivot Archipelago,Municipality MU2: Council of Last Minute Edits,City CY57: Missing Cell Harbor,Postal area PA262: Hidden Sheet Sector,Postal code PC695: #REF! Delivery Route,,Address AD134: Cell Without a Home,,Excel Is Not A Database Ltd 561,2015
150004,Country CT10: Land of The Final Version,Region RG17: We Will See Later,Island IS6: The Pivot Archipelago,Municipality MU2: Council of Last Minute Edits,,Postal area PA262: Hidden Sheet Sector,Postal code PC694: #REF! Delivery Route,,Address AD133: Cell Without a Home,,Excel Is Not A Database Ltd 419,2022
195425,Country CT10: Land of The Final Version,Region RG17: We Will See Later,Island IS6: The Pivot Archipelago,Municipality MU2: Council of Last Minute Edits,,Postal area PA262: Hidden Sheet Sector,Postal code PC693: #REF! Delivery Route,,Address AD144: Cell Without a Home,,Excel Is Not A Database Ltd 1058,2015
870805,Country CT10: Land of The Final Version,Region RG17: We Will See Later,Island IS6: The Pivot Archipelago,Municipality MU2: Council of Last Minute Edits,,Postal area PA262: Hidden Sheet Sector,Postal code PC692: #REF! Delivery Route,Street ST31: Hidden Sheet Lane,Address AD139: Cell Without a Home,,Excel Is Not A Database Ltd 442,2019
592243,Country CT10: Land of The Final Version,Region RG17: We Will See Later,Island IS6: The Pivot Archipelago,Municipality MU2: Council of Last Minute Edits,City CY61: Conditional Format Harbor,Postal area PA262: Hidden Sheet Sector,Postal code PC691: #REF! Delivery Route,Street ST30: Final Final Lane,Address AD138: Cell Without a Home,,Excel Is Not A Database Ltd 904,2015
202282,Country CT10: Land of The Final Version,Region RG17: We Will See Later,Island IS6: The Pivot Archipelago,Municipality MU2: Council of Last Minute Edits,,Postal area PA262: Hidden Sheet Sector,Postal code PC690: #REF! Delivery Route,Street ST29: Ctrl Z Lane,Address AD137: Cell Without a Home,,Excel Is Not A Database Ltd 311,2015
145109,Country CT10: Land of The Final Version,Region RG17: We Will See Later,Island IS6: The Pivot Archipelago,Municipality MU2: Council of Last Minute Edits,City CY61: Conditional Format Harbor,Postal area PA262: Hidden Sheet Sector,Postal code PC689: #REF! Delivery Route,Street ST28: Pivot Table Lane,Address AD136: Cell Without a Home,,Excel Is Not A Database Ltd 1133,2015
632631,Country CT10: Land of The Final Version,Region RG17: We Will See Later,Island IS6: The Pivot Archipelago,Municipality MU2: Council of Last Minute Edits,City CY58: Unsorted Harbor,Postal area PA262: Hidden Sheet Sector,Postal code PC688: #REF! Delivery Route,,Address AD132: Cell Without a Home,,Excel Is Not A Database Ltd 247,2018
132447,Country CT10: Land of The Final Version,Region RG17: We Will See Later,Island IS6: The Pivot Archipelago,Municipality MU2: Council of Last Minute Edits,,Postal area PA262: Hidden Sheet Sector,Postal code PC687: #REF! Delivery Route,Street ST27: VLOOKUP Lane,Address AD135: Cell Without a Home,,Excel Is Not A Database Ltd 13,2015
653110,Country CT10: Land of The Final Version,Region RG17: We Will See Later,Island IS6: The Pivot Archipelago,Municipality MU2: Council of Last Minute Edits,,Postal area PA262: Hidden Sheet Sector,Postal code PC686: #REF! Delivery Route,,Address AD128: Cell Without a Home,,Excel Is Not A Database Ltd 301,2015
638994,Country CT10: Land of The Final Version,Region RG17: We Will See Later,Island IS6: The Pivot Archipelago,Municipality MU2: Council of Last Minute Edits,City CY61: Conditional Format Harbor,Postal area PA262: Hidden Sheet Sector,Postal code PC685: #REF! Delivery Route,Street ST26: PowerPoint New Lane,Address AD131: Cell Without a Home,,Excel Is Not A Database Ltd 906,2015
703421,Country CT10: Land of The Final Version,Region RG17: We Will See Later,Island IS6: The Pivot Archipelago,Municipality MU2: Council of Last Minute Edits,,Postal area PA262: Hidden Sheet Sector,,,Address AD122: Cell Without a Home,,Excel Is Not A Database Ltd 603,2015
149036,Country CT10: Land of The Final Version,Region RG17: We Will See Later,Island IS6: The Pivot Archipelago,Municipality MU2: Council of Last Minute Edits,City CY56: Circular Reference Harbor,Postal area PA262: Hidden Sheet Sector,,,Address AD125: Cell Without a Home,,Excel Is Not A Database Ltd 693,2015
698835,Country CT10: Land of The Final Version,Region RG17: We Will See Later,Island IS6: The Pivot Archipelago,Municipality MU2: Council of Last Minute Edits,City CY63: Absolute Reference Harbor,Postal area PA262: Hidden Sheet Sector,,Street ST25: Where-less Query Lane,Address AD124: Cell Without a Home,,Excel Is Not A Database Ltd 278,2015
510450,Country CT10: Land of The Final Version,Region RG17: We Will See Later,Island IS6: The Pivot Archipelago,Municipality MU2: Council of Last Minute Edits,,Postal area PA262: Hidden Sheet Sector,,,Address AD130: Cell Without a Home,,Excel Is Not A Database Ltd 763,2015
563823,Country CT10: Land of The Final Version,Region RG17: We Will See Later,Island IS6: The Pivot Archipelago,Municipality MU2: Council of Last Minute Edits,,Postal area PA262: Hidden Sheet Sector,,,Address AD121: Cell Without a Home,,Excel Is Not A Database Ltd 743,2015
673135,Country CT10: Land of The Final Version,Region RG17: We Will See Later,Island IS6: The Pivot Archipelago,Municipality MU16: Council of Last Minute Edits,City CY186: Duplicate Row Grove,Postal area PA261: Hidden Sheet Sector,Postal code PC684: #REF! Delivery Route,,Address AD485: Cell Without a Home,,Excel Is Not A Database Ltd 571,2015
608263,Country CT10: Land of The Final Version,Region RG17: We Will See Later,Island IS6: The Pivot Archipelago,Municipality MU16: Council of Last Minute Edits,,Postal area PA261: Hidden Sheet Sector,Postal code PC683: #REF! Delivery Route,,Address AD512: Cell Without a Home,,Excel Is Not A Database Ltd 705,2018
411878,Country CT10: Land of The Final Version,Region RG17: We Will See Later,Island IS6: The Pivot Archipelago,Municipality MU16: Council of Last Minute Edits,City CY182: Relative Reference Grove,Postal area PA261: Hidden Sheet Sector,Postal code PC682: #REF! Delivery Route,Street ST185: Null Value Walk,Address AD509: Cell Without a Home,,Excel Is Not A Database Ltd 29,2015
198157,Country CT10: Land of The Final Version,Region RG17: We Will See Later,Island IS6: The Pivot Archipelago,Municipality MU16: Council of Last Minute Edits,,Postal area PA261: Hidden Sheet Sector,Postal code PC681: #REF! Delivery Route,Street ST184: Nested IF Walk,Address AD508: Cell Without a Home,,Excel Is Not A Database Ltd 686,2018
645154,Country CT10: Land of The Final Version,Region RG17: We Will See Later,Island IS6: The Pivot Archipelago,Municipality MU16: Council of Last Minute Edits,City CY190: Cached Result Grove,Postal area PA261: Hidden Sheet Sector,Postal code PC680: #REF! Delivery Route,Street ST188: Filtered View Walk,Address AD515: Cell Without a Home,,Excel Is Not A Database Ltd 45,2015
463457,Country CT10: Land of The Final Version,Region RG17: We Will See Later,Island IS6: The Pivot Archipelago,Municipality MU16: Council of Last Minute Edits,City CY186: Duplicate Row Grove,Postal area PA261: Hidden Sheet Sector,Postal code PC679: #REF! Delivery Route,,Address AD500: Cell Without a Home,,Excel Is Not A Database Ltd 468,2015
745718,Country CT10: Land of The Final Version,Region RG17: We Will See Later,Island IS6: The Pivot Archipelago,Municipality MU16: Council of Last Minute Edits,City CY185: Null Value Grove,Postal area PA261: Hidden Sheet Sector,Postal code PC678: #REF! Delivery Route,,Address AD482: Cell Without a Home,,Excel Is Not A Database Ltd 650,2015
757183,Country CT10: Land of The Final Version,Region RG17: We Will See Later,Island IS6: The Pivot Archipelago,Municipality MU16: Council of Last Minute Edits,,Postal area PA261: Hidden Sheet Sector,Postal code PC678: #REF! Delivery Route,Street ST177: Missing Cell Walk,Address AD480: Cell Without a Home,,Excel Is Not A Database Ltd 46,2015
676751,Country CT10: Land of The Final Version,Region RG17: We Will See Later,Island IS6: The Pivot Archipelago,Municipality MU16: Council of Last Minute Edits,City CY188: Filtered View Grove,Postal area PA261: Hidden Sheet Sector,Postal code PC677: #REF! Delivery Route,,Address AD479: Cell Without a Home,,Excel Is Not A Database Ltd 109,2024
361592,Country CT10: Land of The Final Version,Region RG17: We Will See Later,Island IS6: The Pivot Archipelago,Municipality MU16: Council of Last Minute Edits,City CY185: Null Value Grove,Postal area PA261: Hidden Sheet Sector,Postal code PC676: #REF! Delivery Route,,Address AD499: Cell Without a Home,,Excel Is Not A Database Ltd 1113,2017
929082,Country CT10: Land of The Final Version,Region RG17: We Will See Later,Island IS6: The Pivot Archipelago,Municipality MU16: Council of Last Minute Edits,City CY185: Null Value Grove,Postal area PA261: Hidden Sheet Sector,Postal code PC676: #REF! Delivery Route,,Address AD504: Cell Without a Home,,Excel Is Not A Database Ltd 663,2018
665305,Country CT10: Land of The Final Version,Region RG17: We Will See Later,Island IS6: The Pivot Archipelago,Municipality MU16: Council of Last Minute Edits,City CY190: Cached Result Grove,Postal area PA261: Hidden Sheet Sector,Postal code PC676: #REF! Delivery Route,,Address AD519: Cell Without a Home,,Excel Is Not A Database Ltd 470,2018
159861,Country CT10: Land of The Final Version,Region RG17: We Will See Later,Island IS6: The Pivot Archipelago,Municipality MU16: Council of Last Minute Edits,,Postal area PA261: Hidden Sheet Sector,Postal code PC676: #REF! Delivery Route,,Address AD503: Cell Without a Home,,Excel Is Not A Database Ltd 947,2015
573234,Country CT10: Land of The Final Version,Region RG17: We Will See Later,Island IS6: The Pivot Archipelago,Municipality MU16: Council of Last Minute Edits,City CY190: Cached Result Grove,Postal area PA261: Hidden Sheet Sector,Postal code PC676: #REF! Delivery Route,,Address AD520: Cell Without a Home,,Excel Is Not A Database Ltd 174,2015
893064,Country CT10: Land of The Final Version,Region RG17: We Will See Later,Island IS6: The Pivot Archipelago,Municipality MU16: Council of Last Minute Edits,,Postal area PA261: Hidden Sheet Sector,Postal code PC675: #REF! Delivery Route,,Address AD484: Cell Without a Home,,Excel Is Not A Database Ltd 775,2015
279709,Country CT10: Land of The Final Version,Region RG17: We Will See Later,Island IS6: The Pivot Archipelago,Municipality MU16: Council of Last Minute Edits,,Postal area PA261: Hidden Sheet Sector,Postal code PC675: #REF! Delivery Route,,Address AD484: Cell Without a Home,,Excel Is Not A Database Ltd 831,2021
238158,Country CT10: Land of The Final Version,Region RG17: We Will See Later,Island IS6: The Pivot Archipelago,Municipality MU16: Council of Last Minute Edits,City CY187: Merged Cell Grove,Postal area PA261: Hidden Sheet Sector,Postal code PC674: #REF! Delivery Route,,Address AD489: Cell Without a Home,,Excel Is Not A Database Ltd 323,2015
746863,Country CT10: Land of The Final Version,Region RG17: We Will See Later,Island IS6: The Pivot Archipelago,Municipality MU16: Council of Last Minute Edits,City CY185: Null Value Grove,Postal area PA261: Hidden Sheet Sector,Postal code PC674: #REF! Delivery Route,,Address AD489: Cell Without a Home,,Excel Is Not A Database Ltd 779,2015
207709,Country CT10: Land of The Final Version,Region RG17: We Will See Later,Island IS6: The Pivot Archipelago,Municipality MU16: Council of Last Minute Edits,,Postal area PA261: Hidden Sheet Sector,Postal code PC674: #REF! Delivery Route,,Address AD492: Cell Without a Home,,Excel Is Not A Database Ltd 299,2015
498316,Country CT10: Land of The Final Version,Region RG17: We Will See Later,Island IS6: The Pivot Archipelago,Municipality MU16: Council of Last Minute Edits,City CY187: Merged Cell Grove,Postal area PA261: Hidden Sheet Sector,Postal code PC674: #REF! Delivery Route,,Address AD489: Cell Without a Home,,Excel Is Not A Database Ltd 322,2015
371631,Country CT10: Land of The Final Version,Region RG17: We Will See Later,Island IS6: The Pivot Archipelago,Municipality MU16: Council of Last Minute Edits,City CY185: Null Value Grove,Postal area PA261: Hidden Sheet Sector,Postal code PC674: #REF! Delivery Route,Street ST182: Relative Reference Walk,Address AD498: Cell Without a Home,,Excel Is Not A Database Ltd 595,2015
281093,Country CT10: Land of The Final Version,Region RG17: We Will See Later,Island IS6: The Pivot Archipelago,Municipality MU16: Council of Last Minute Edits,City CY183: Absolute Reference Grove,Postal area PA261: Hidden Sheet Sector,Postal code PC673: #REF! Delivery Route,,Address AD490: Cell Without a Home,,Excel Is Not A Database Ltd 390,2024
490030,Country CT10: Land of The Final Version,Region RG17: We Will See Later,Island IS6: The Pivot Archipelago,Municipality MU16: Council of Last Minute Edits,City CY185: Null Value Grove,Postal area PA261: Hidden Sheet Sector,Postal code PC672: #REF! Delivery Route,,Address AD494: Cell Without a Home,,Excel Is Not A Database Ltd 65,2021
112516,Country CT10: Land of The Final Version,Region RG17: We Will See Later,Island IS6: The Pivot Archipelago,Municipality MU16: Council of Last Minute Edits,,Postal area PA261: Hidden Sheet Sector,Postal code PC670: #REF! Delivery Route,,Address AD486: Cell Without a Home,,Excel Is Not A Database Ltd 1069,2018
438652,Country CT10: Land of The Final Version,Region RG17: We Will See Later,Island IS6: The Pivot Archipelago,Municipality MU16: Council of Last Minute Edits,City CY190: Cached Result Grove,Postal area PA261: Hidden Sheet Sector,Postal code PC670: #REF! Delivery Route,Street ST180: Frozen Pane Walk,Address AD488: Cell Without a Home,,Excel Is Not A Database Ltd 599,2015
324305,Country CT10: Land of The Final Version,Region RG17: We Will See Later,Island IS6: The Pivot Archipelago,Municipality MU16: Council of Last Minute Edits,City CY185: Null Value Grove,Postal area PA261: Hidden Sheet Sector,Postal code PC669: #REF! Delivery Route,Street ST181: Conditional Format Walk,Address AD491: Cell Without a Home,,Excel Is Not A Database Ltd 141,2015
946339,Country CT10: Land of The Final Version,Region RG17: We Will See Later,Island IS6: The Pivot Archipelago,Municipality MU16: Council of Last Minute Edits,,Postal area PA261: Hidden Sheet Sector,Postal code PC668: #REF! Delivery Route,,Address AD507: Cell Without a Home,,Excel Is Not A Database Ltd 97,2016
812922,Country CT10: Land of The Final Version,Region RG17: We Will See Later,Island IS6: The Pivot Archipelago,Municipality MU16: Council of Last Minute Edits,,Postal area PA261: Hidden Sheet Sector,Postal code PC667: #REF! Delivery Route,Street ST187: Merged Cell Walk,Address AD514: Cell Without a Home,,Excel Is Not A Database Ltd 872,2015
339676,Country CT10: Land of The Final Version,Region RG17: We Will See Later,Island IS6: The Pivot Archipelago,Municipality MU16: Council of Last Minute Edits,City CY186: Duplicate Row Grove,Postal area PA261: Hidden Sheet Sector,Postal code PC666: #REF! Delivery Route,,Address AD505: Cell Without a Home,,Excel Is Not A Database Ltd 747,2015
120418,Country CT10: Land of The Final Version,Region RG17: We Will See Later,Island IS6: The Pivot Archipelago,Municipality MU16: Council of Last Minute Edits,,Postal area PA261: Hidden Sheet Sector,Postal code PC665: #REF! Delivery Route,,Address AD496: Cell Without a Home,,Excel Is Not A Database Ltd 822,2015
144300,Country CT10: Land of The Final Version,Region RG17: We Will See Later,Island IS6: The Pivot Archipelago,Municipality MU16: Council of Last Minute Edits,,Postal area PA261: Hidden Sheet Sector,Postal code PC664: #REF! Delivery Route,Street ST179: AutoFill Walk,Address AD487: Cell Without a Home,,Excel Is Not A Database Ltd 386,2015
132535,Country CT10: Land of The Final Version,Region RG17: We Will See Later,Island IS6: The Pivot Archipelago,Municipality MU16: Council of Last Minute Edits,City CY189: Broken Formula Grove,Postal area PA261: Hidden Sheet Sector,Postal code PC663: #REF! Delivery Route,,Address AD506: Cell Without a Home,,Excel Is Not A Database Ltd 1112,2015
924977,Country CT10: Land of The Final Version,Region RG17: We Will See Later,Island IS6: The Pivot Archipelago,Municipality MU16: Council of Last Minute Edits,City CY190: Cached Result Grove,Postal area PA261: Hidden Sheet Sector,Postal code PC662: #REF! Delivery Route,,Address AD495: Cell Without a Home,,Excel Is Not A Database Ltd 137,2016
274962,Country CT10: Land of The Final Version,Region RG17: We Will See Later,Island IS6: The Pivot Archipelago,Municipality MU16: Council of Last Minute Edits,City CY190: Cached Result Grove,Postal area PA261: Hidden Sheet Sector,Postal code PC661: #REF! Delivery Route,,Address AD502: Cell Without a Home,,Excel Is Not A Database Ltd 186,2015
815258,Country CT10: Land of The Final Version,Region RG17: We Will See Later,Island IS6: The Pivot Archipelago,Municipality MU16: Council of Last Minute Edits,,Postal area PA261: Hidden Sheet Sector,Postal code PC660: #REF! Delivery Route,,Address AD516: Cell Without a Home,,Excel Is Not A Database Ltd 16,2015
488211,Country CT10: Land of The Final Version,Region RG17: We Will See Later,Island IS6: The Pivot Archipelago,Municipality MU16: Council of Last Minute Edits,,Postal area PA261: Hidden Sheet Sector,Postal code PC659: #REF! Delivery Route,,Address AD501: Cell Without a Home,,Excel Is Not A Database Ltd 783,2015
943342,Country CT10: Land of The Final Version,Region RG17: We Will See Later,Island IS6: The Pivot Archipelago,Municipality MU16: Council of Last Minute Edits,City CY185: Null Value Grove,Postal area PA261: Hidden Sheet Sector,Postal code PC658: #REF! Delivery Route,,Address AD518: Cell Without a Home,,Excel Is Not A Database Ltd 771,2021
752804,Country CT10: Land of The Final Version,Region RG17: We Will See Later,Island IS6: The Pivot Archipelago,Municipality MU16: Council of Last Minute Edits,,Postal area PA261: Hidden Sheet Sector,Postal code PC658: #REF! Delivery Route,,Address AD517: Cell Without a Home,,Excel Is Not A Database Ltd 778,2015
916866,Country CT10: Land of The Final Version,Region RG17: We Will See Later,Island IS6: The Pivot Archipelago,Municipality MU16: Council of Last Minute Edits,,Postal area PA261: Hidden Sheet Sector,,,Address AD506: Cell Without a Home,,Excel Is Not A Database Ltd 212,2015
400138,Country CT10: Land of The Final Version,Region RG17: We Will See Later,Island IS6: The Pivot Archipelago,Municipality MU16: Council of Last Minute Edits,,Postal area PA261: Hidden Sheet Sector,,Street ST183: Absolute Reference Walk,Address AD510: Cell Without a Home,,Excel Is Not A Database Ltd 695,2015
572542,Country CT10: Land of The Final Version,Region RG17: We Will See Later,Island IS6: The Pivot Archipelago,Municipality MU16: Council of Last Minute Edits,City CY190: Cached Result Grove,Postal area PA261: Hidden Sheet Sector,,,Address AD483: Cell Without a Home,,Excel Is Not A Database Ltd 452,2015
844370,Country CT10: Land of The Final Version,Region RG17: We Will See Later,Island IS6: The Pivot Archipelago,Municipality MU16: Council of Last Minute Edits,City CY184: Nested IF Grove,Postal area PA261: Hidden Sheet Sector,,,Address AD511: Cell Without a Home,,Excel Is Not A Database Ltd 710,2015
533654,Country CT10: Land of The Final Version,Region RG17: We Will See Later,Island IS6: The Pivot Archipelago,Municipality MU16: Council of Last Minute Edits,,Postal area PA261: Hidden Sheet Sector,,,Address AD497: Cell Without a Home,,Excel Is Not A Database Ltd 905,2015
868647,Country CT10: Land of The Final Version,Region RG17: We Will See Later,Island IS6: The Pivot Archipelago,Municipality MU16: Council of Last Minute Edits,,Postal area PA261: Hidden Sheet Sector,,Street ST178: Unsorted Walk,Address AD481: Cell Without a Home,,Excel Is Not A Database Ltd 245,2015
427003,Country CT10: Land of The Final Version,Region RG17: We Will See Later,Island IS6: The Pivot Archipelago,Municipality MU16: Council of Last Minute Edits,City CY190: Cached Result Grove,Postal area PA261: Hidden Sheet Sector,,Street ST186: Duplicate Row Walk,Address AD513: Cell Without a Home,,Excel Is Not A Database Ltd 668,2015
537572,Country CT10: Land of The Final Version,Region RG17: We Will See Later,Island IS6: The Pivot Archipelago,Municipality MU16: Council of Last Minute Edits,City CY187: Merged Cell Grove,Postal area PA261: Hidden Sheet Sector,Postal code PC671: #REF! Delivery Route,,Address AD493: Cell Without a Home,,Excel Is Not A Database Ltd 60,2020
390601,Country CT10: Land of The Final Version,Region RG17: We Will See Later,Island IS6: The Pivot Archipelago,Municipality MU16: Council of Last Minute Edits,City CY187: Merged Cell Grove,Postal area PA261: Hidden Sheet Sector,Postal code PC671: #REF! Delivery Route,,Address AD493: Cell Without a Home,,Excel Is Not A Database Ltd 1048,2020
507822,Country CT10: Land of The Final Version,Region RG17: We Will See Later,Island IS6: The Pivot Archipelago,Municipality MU16: Council of Last Minute Edits,City CY185: Null Value Grove,Postal area PA261: Hidden Sheet Sector,Postal code PC659: #REF! Delivery Route,,Address AD492: Cell Without a Home,,Excel Is Not A Database Ltd 449,2017
106364,Country CT10: Land of The Final Version,Region RG17: We Will See Later,Island IS8: The Pivot Archipelago,Municipality MU11: Council of Last Minute Edits,City CY149: Ctrl Z Bay,Postal area PA260: Hidden Sheet Sector,Postal code PC657: #REF! Delivery Route,Street ST131: AutoFill Court,Address AD371: Cell Without a Home,,Excel Is Not A Database Ltd 335,2024
379109,Country CT10: Land of The Final Version,Region RG17: We Will See Later,Island IS8: The Pivot Archipelago,Municipality MU11: Council of Last Minute Edits,City CY151: Hidden Sheet Bay,Postal area PA260: Hidden Sheet Sector,Postal code PC656: #REF! Delivery Route,,Address AD389: Cell Without a Home,,Excel Is Not A Database Ltd 69,2015
178901,Country CT10: Land of The Final Version,Region RG17: We Will See Later,Island IS8: The Pivot Archipelago,Municipality MU11: Council of Last Minute Edits,City CY151: Hidden Sheet Bay,Postal area PA260: Hidden Sheet Sector,Postal code PC655: #REF! Delivery Route,Street ST127: Hidden Sheet Court,Address AD360: Cell Without a Home,,Excel Is Not A Database Ltd 1141,2015
207272,Country CT10: Land of The Final Version,Region RG17: We Will See Later,Island IS8: The Pivot Archipelago,Municipality MU11: Council of Last Minute Edits,City CY147: VLOOKUP Bay,Postal area PA260: Hidden Sheet Sector,Postal code PC654: #REF! Delivery Route,,Address AD368: Cell Without a Home,,Excel Is Not A Database Ltd 958,2016
225882,Country CT10: Land of The Final Version,Region RG17: We Will See Later,Island IS8: The Pivot Archipelago,Municipality MU11: Council of Last Minute Edits,City CY147: VLOOKUP Bay,Postal area PA260: Hidden Sheet Sector,Postal code PC653: #REF! Delivery Route,,Address AD372: Cell Without a Home,,Excel Is Not A Database Ltd 879,2024
509815,Country CT10: Land of The Final Version,Region RG17: We Will See Later,Island IS8: The Pivot Archipelago,Municipality MU11: Council of Last Minute Edits,,Postal area PA260: Hidden Sheet Sector,Postal code PC652: #REF! Delivery Route,Street ST138: Duplicate Row Court,Address AD385: Cell Without a Home,,Excel Is Not A Database Ltd 954,2015
211290,Country CT10: Land of The Final Version,Region RG17: We Will See Later,Island IS8: The Pivot Archipelago,Municipality MU11: Council of Last Minute Edits,City CY151: Hidden Sheet Bay,Postal area PA260: Hidden Sheet Sector,Postal code PC651: #REF! Delivery Route,Street ST139: Merged Cell Court,Address AD386: Cell Without a Home,,Excel Is Not A Database Ltd 870,2017
257511,Country CT10: Land of The Final Version,Region RG17: We Will See Later,Island IS8: The Pivot Archipelago,Municipality MU11: Council of Last Minute Edits,City CY151: Hidden Sheet Bay,Postal area PA260: Hidden Sheet Sector,Postal code PC650: #REF! Delivery Route,Street ST130: Unsorted Court,Address AD365: Cell Without a Home,,Excel Is Not A Database Ltd 632,2017
216790,Country CT10: Land of The Final Version,Region RG17: We Will See Later,Island IS8: The Pivot Archipelago,Municipality MU11: Council of Last Minute Edits,,Postal area PA260: Hidden Sheet Sector,Postal code PC649: #REF! Delivery Route,Street ST137: Null Value Court,Address AD377: Cell Without a Home,,Excel Is Not A Database Ltd 27,2015
865794,Country CT10: Land of The Final Version,Region RG17: We Will See Later,Island IS8: The Pivot Archipelago,Municipality MU11: Council of Last Minute Edits,,Postal area PA260: Hidden Sheet Sector,Postal code PC648: #REF! Delivery Route,,Address AD374: Cell Without a Home,,Excel Is Not A Database Ltd 601,2015
773160,Country CT10: Land of The Final Version,Region RG17: We Will See Later,Island IS8: The Pivot Archipelago,Municipality MU11: Council of Last Minute Edits,City CY151: Hidden Sheet Bay,Postal area PA260: Hidden Sheet Sector,Postal code PC647: #REF! Delivery Route,Street ST140: Filtered View Court,Address AD387: Cell Without a Home,,Excel Is Not A Database Ltd 1104,2015
358936,Country CT10: Land of The Final Version,Region RG17: We Will See Later,Island IS8: The Pivot Archipelago,Municipality MU11: Council of Last Minute Edits,,Postal area PA260: Hidden Sheet Sector,Postal code PC646: #REF! Delivery Route,Street ST132: Frozen Pane Court,Address AD381: Cell Without a Home,,Excel Is Not A Database Ltd 324,2015
104924,Country CT10: Land of The Final Version,Region RG17: We Will See Later,Island IS8: The Pivot Archipelago,Municipality MU11: Council of Last Minute Edits,City CY148: Pivot Table Bay,Postal area PA260: Hidden Sheet Sector,Postal code PC645: #REF! Delivery Route,Street ST128: Circular Reference Court,Address AD362: Cell Without a Home,,Excel Is Not A Database Ltd 371,2017
857692,Country CT10: Land of The Final Version,Region RG17: We Will See Later,Island IS8: The Pivot Archipelago,Municipality MU11: Council of Last Minute Edits,City CY147: VLOOKUP Bay,Postal area PA260: Hidden Sheet Sector,Postal code PC645: #REF! Delivery Route,Street ST128: Circular Reference Court,Address AD361: Cell Without a Home,,Excel Is Not A Database Ltd 1140,2023
504912,Country CT10: Land of The Final Version,Region RG17: We Will See Later,Island IS8: The Pivot Archipelago,Municipality MU11: Council of Last Minute Edits,City CY147: VLOOKUP Bay,Postal area PA260: Hidden Sheet Sector,Postal code PC644: #REF! Delivery Route,Street ST129: Missing Cell Court,Address AD364: Cell Without a Home,,Excel Is Not A Database Ltd 957,2018
346493,Country CT10: Land of The Final Version,Region RG17: We Will See Later,Island IS8: The Pivot Archipelago,Municipality MU11: Council of Last Minute Edits,City CY151: Hidden Sheet Bay,Postal area PA260: Hidden Sheet Sector,Postal code PC643: #REF! Delivery Route,Street ST134: Relative Reference Court,Address AD384: Cell Without a Home,,Excel Is Not A Database Ltd 484,2019
412400,Country CT10: Land of The Final Version,Region RG17: We Will See Later,Island IS8: The Pivot Archipelago,Municipality MU11: Council of Last Minute Edits,City CY147: VLOOKUP Bay,Postal area PA260: Hidden Sheet Sector,Postal code PC642: #REF! Delivery Route,,Address AD369: Cell Without a Home,,Excel Is Not A Database Ltd 214,2016
196007,Country CT10: Land of The Final Version,Region RG17: We Will See Later,Island IS8: The Pivot Archipelago,Municipality MU11: Council of Last Minute Edits,City CY151: Hidden Sheet Bay,Postal area PA260: Hidden Sheet Sector,Postal code PC641: #REF! Delivery Route,,Address AD367: Cell Without a Home,,Excel Is Not A Database Ltd 1086,2019
638336,Country CT10: Land of The Final Version,Region RG17: We Will See Later,Island IS8: The Pivot Archipelago,Municipality MU11: Council of Last Minute Edits,City CY151: Hidden Sheet Bay,Postal area PA260: Hidden Sheet Sector,Postal code PC640: #REF! Delivery Route,Street ST136: Nested IF Court,Address AD376: Cell Without a Home,,Excel Is Not A Database Ltd 502,2017
488020,Country CT10: Land of The Final Version,Region RG17: We Will See Later,Island IS8: The Pivot Archipelago,Municipality MU11: Council of Last Minute Edits,City CY147: VLOOKUP Bay,Postal area PA260: Hidden Sheet Sector,Postal code PC639: #REF! Delivery Route,,Address AD373: Cell Without a Home,,Excel Is Not A Database Ltd 842,2016
350214,Country CT10: Land of The Final Version,Region RG17: We Will See Later,Island IS8: The Pivot Archipelago,Municipality MU11: Council of Last Minute Edits,City CY147: VLOOKUP Bay,Postal area PA260: Hidden Sheet Sector,Postal code PC639: #REF! Delivery Route,,Address AD373: Cell Without a Home,,Excel Is Not A Database Ltd 1012,2020
933227,Country CT10: Land of The Final Version,Region RG17: We Will See Later,Island IS8: The Pivot Archipelago,Municipality MU11: Council of Last Minute Edits,,Postal area PA260: Hidden Sheet Sector,Postal code PC638: #REF! Delivery Route,Street ST133: Conditional Format Court,Address AD380: Cell Without a Home,,Excel Is Not A Database Ltd 959,2015
225718,Country CT10: Land of The Final Version,Region RG17: We Will See Later,Island IS8: The Pivot Archipelago,Municipality MU11: Council of Last Minute Edits,City CY151: Hidden Sheet Bay,Postal area PA260: Hidden Sheet Sector,Postal code PC637: #REF! Delivery Route,,Address AD388: Cell Without a Home,,Excel Is Not A Database Ltd 416,2018
953797,Country CT10: Land of The Final Version,Region RG17: We Will See Later,Island IS8: The Pivot Archipelago,Municipality MU11: Council of Last Minute Edits,City CY145: Where-less Query Bay,Postal area PA260: Hidden Sheet Sector,Postal code PC636: #REF! Delivery Route,,Address AD379: Cell Without a Home,,Excel Is Not A Database Ltd 167,2024
189146,Country CT10: Land of The Final Version,Region RG17: We Will See Later,Island IS8: The Pivot Archipelago,Municipality MU11: Council of Last Minute Edits,City CY147: VLOOKUP Bay,Postal area PA260: Hidden Sheet Sector,Postal code PC636: #REF! Delivery Route,,Address AD382: Cell Without a Home,,Excel Is Not A Database Ltd 35,2015
206587,Country CT10: Land of The Final Version,Region RG17: We Will See Later,Island IS8: The Pivot Archipelago,Municipality MU11: Council of Last Minute Edits,,Postal area PA260: Hidden Sheet Sector,Postal code PC636: #REF! Delivery Route,,Address AD378: Cell Without a Home,,Excel Is Not A Database Ltd 1070,2024
282021,Country CT10: Land of The Final Version,Region RG17: We Will See Later,Island IS8: The Pivot Archipelago,Municipality MU11: Council of Last Minute Edits,City CY151: Hidden Sheet Bay,Postal area PA260: Hidden Sheet Sector,Postal code PC635: #REF! Delivery Route,,Address AD366: Cell Without a Home,,Excel Is Not A Database Ltd 1083,2021
928307,Country CT10: Land of The Final Version,Region RG17: We Will See Later,Island IS8: The Pivot Archipelago,Municipality MU11: Council of Last Minute Edits,City CY144: Last Save Crossing,Postal area PA260: Hidden Sheet Sector,Postal code PC634: #REF! Delivery Route,,Address AD370: Cell Without a Home,,Excel Is Not A Database Ltd 365,2021
467830,Country CT10: Land of The Final Version,Region RG17: We Will See Later,Island IS8: The Pivot Archipelago,Municipality MU11: Council of Last Minute Edits,City CY144: Last Save Crossing,Postal area PA260: Hidden Sheet Sector,Postal code PC634: #REF! Delivery Route,,Address AD383: Cell Without a Home,,Excel Is Not A Database Ltd 926,2015
831822,Country CT10: Land of The Final Version,Region RG17: We Will See Later,Island IS8: The Pivot Archipelago,Municipality MU11: Council of Last Minute Edits,City CY146: PowerPoint New Bay,Postal area PA260: Hidden Sheet Sector,Postal code PC633: #REF! Delivery Route,Street ST135: Absolute Reference Court,Address AD375: Cell Without a Home,,Excel Is Not A Database Ltd 617,2015
598510,Country CT10: Land of The Final Version,Region RG17: We Will See Later,Island IS8: The Pivot Archipelago,Municipality MU11: Council of Last Minute Edits,City CY144: Last Save Crossing,Postal area PA260: Hidden Sheet Sector,,,Address AD363: Cell Without a Home,,Excel Is Not A Database Ltd 807,2015
981754,Country CT10: Land of The Final Version,Region RG17: We Will See Later,Island IS8: The Pivot Archipelago,Municipality MU1: Council of Last Minute Edits,City CY54: Final Final Harbor,Postal area PA259: Hidden Sheet Sector,Postal code PC632: #REF! Delivery Route,Street ST18: Duplicate Row Street,Address AD104: Cell Without a Home,,Excel Is Not A Database Ltd 372,2018
553942,Country CT10: Land of The Final Version,Region RG17: We Will See Later,Island IS8: The Pivot Archipelago,Municipality MU1: Council of Last Minute Edits,City CY55: Hidden Sheet Harbor,Postal area PA259: Hidden Sheet Sector,Postal code PC631: #REF! Delivery Route,,Address AD119: Cell Without a Home,,Excel Is Not A Database Ltd 835,2026
226106,Country CT10: Land of The Final Version,Region RG17: We Will See Later,Island IS8: The Pivot Archipelago,Municipality MU1: Council of Last Minute Edits,City CY37: Conditional Format Borough,Postal area PA259: Hidden Sheet Sector,Postal code PC630: #REF! Delivery Route,,Address AD116: Cell Without a Home,,Excel Is Not A Database Ltd 257,2019
526657,Country CT10: Land of The Final Version,Region RG17: We Will See Later,Island IS8: The Pivot Archipelago,Municipality MU1: Council of Last Minute Edits,City CY54: Final Final Harbor,Postal area PA259: Hidden Sheet Sector,Postal code PC629: #REF! Delivery Route,Street ST19: Merged Cell Street,Address AD111: Cell Without a Home,,Excel Is Not A Database Ltd 1028,2015
903688,Country CT10: Land of The Final Version,Region RG17: We Will See Later,Island IS8: The Pivot Archipelago,Municipality MU1: Council of Last Minute Edits,City CY51: VLOOKUP Harbor,Postal area PA259: Hidden Sheet Sector,Postal code PC628: #REF! Delivery Route,,Address AD105: Cell Without a Home,,Excel Is Not A Database Ltd 791,2015
995517,Country CT10: Land of The Final Version,Region RG17: We Will See Later,Island IS8: The Pivot Archipelago,Municipality MU1: Council of Last Minute Edits,City CY55: Hidden Sheet Harbor,Postal area PA259: Hidden Sheet Sector,Postal code PC628: #REF! Delivery Route,,Address AD107: Cell Without a Home,,Excel Is Not A Database Ltd 175,2016
427118,Country CT10: Land of The Final Version,Region RG17: We Will See Later,Island IS8: The Pivot Archipelago,Municipality MU1: Council of Last Minute Edits,City CY37: Conditional Format Borough,Postal area PA259: Hidden Sheet Sector,Postal code PC628: #REF! Delivery Route,,Address AD106: Cell Without a Home,,Excel Is Not A Database Ltd 679,2015
237840,Country CT10: Land of The Final Version,Region RG17: We Will See Later,Island IS8: The Pivot Archipelago,Municipality MU1: Council of Last Minute Edits,City CY54: Final Final Harbor,Postal area PA259: Hidden Sheet Sector,Postal code PC627: #REF! Delivery Route,,Address AD68: Cell Without a Home,,Excel Is Not A Database Ltd 1076,2017
174385,Country CT10: Land of The Final Version,Region RG17: We Will See Later,Island IS8: The Pivot Archipelago,Municipality MU1: Council of Last Minute Edits,City CY50: PowerPoint New Harbor,Postal area PA259: Hidden Sheet Sector,Postal code PC626: #REF! Delivery Route,,Address AD93: Cell Without a Home,,Excel Is Not A Database Ltd 680,2015
249433,Country CT10: Land of The Final Version,Region RG17: We Will See Later,Island IS8: The Pivot Archipelago,Municipality MU1: Council of Last Minute Edits,City CY53: Ctrl Z Harbor,Postal area PA259: Hidden Sheet Sector,Postal code PC625: #REF! Delivery Route,,Address AD94: Cell Without a Home,,Excel Is Not A Database Ltd 467,2024
262827,Country CT10: Land of The Final Version,Region RG17: We Will See Later,Island IS8: The Pivot Archipelago,Municipality MU1: Council of Last Minute Edits,City CY37: Conditional Format Borough,Postal area PA259: Hidden Sheet Sector,Postal code PC624: #REF! Delivery Route,Street ST17: Null Value Street,Address AD103: Cell Without a Home,,Excel Is Not A Database Ltd 328,2015
110878,Country CT10: Land of The Final Version,Region RG17: We Will See Later,Island IS8: The Pivot Archipelago,Municipality MU1: Council of Last Minute Edits,City CY54: Final Final Harbor,Postal area PA259: Hidden Sheet Sector,Postal code PC623: #REF! Delivery Route,,Address AD82: Cell Without a Home,,Excel Is Not A Database Ltd 264,2019
496672,Country CT10: Land of The Final Version,Region RG17: We Will See Later,Island IS8: The Pivot Archipelago,Municipality MU1: Council of Last Minute Edits,,Postal area PA259: Hidden Sheet Sector,Postal code PC623: #REF! Delivery Route,,Address AD92: Cell Without a Home,,Excel Is Not A Database Ltd 495,2019
777710,Country CT10: Land of The Final Version,Region RG17: We Will See Later,Island IS8: The Pivot Archipelago,Municipality MU1: Council of Last Minute Edits,City CY54: Final Final Harbor,Postal area PA259: Hidden Sheet Sector,Postal code PC622: #REF! Delivery Route,Street ST14: Relative Reference Street,Address AD80: Cell Without a Home,,Excel Is Not A Database Ltd 669,2015
974136,Country CT10: Land of The Final Version,Region RG17: We Will See Later,Island IS8: The Pivot Archipelago,Municipality MU1: Council of Last Minute Edits,City CY49: Where-less Query Harbor,Postal area PA259: Hidden Sheet Sector,Postal code PC621: #REF! Delivery Route,,Address AD69: Cell Without a Home,,Excel Is Not A Database Ltd 910,2016
594146,Country CT10: Land of The Final Version,Region RG17: We Will See Later,Island IS8: The Pivot Archipelago,Municipality MU1: Council of Last Minute Edits,City CY48: Last Save Borough,Postal area PA259: Hidden Sheet Sector,Postal code PC620: #REF! Delivery Route,,Address AD64: Cell Without a Home,,Excel Is Not A Database Ltd 590,2015
199492,Country CT10: Land of The Final Version,Region RG17: We Will See Later,Island IS8: The Pivot Archipelago,Municipality MU1: Council of Last Minute Edits,City CY37: Conditional Format Borough,Postal area PA259: Hidden Sheet Sector,Postal code PC619: #REF! Delivery Route,,Address AD91: Cell Without a Home,,Excel Is Not A Database Ltd 265,2015
454034,Country CT10: Land of The Final Version,Region RG17: We Will See Later,Island IS8: The Pivot Archipelago,Municipality MU1: Council of Last Minute Edits,City CY41: Null Value Borough,Postal area PA259: Hidden Sheet Sector,Postal code PC618: #REF! Delivery Route,,Address AD79: Cell Without a Home,,Excel Is Not A Database Ltd 684,2019
926609,Country CT10: Land of The Final Version,Region RG17: We Will See Later,Island IS8: The Pivot Archipelago,Municipality MU1: Council of Last Minute Edits,City CY36: Frozen Pane Borough,Postal area PA259: Hidden Sheet Sector,Postal code PC617: #REF! Delivery Route,,Address AD67: Cell Without a Home,,Excel Is Not A Database Ltd 1006,2015
276644,Country CT10: Land of The Final Version,Region RG17: We Will See Later,Island IS8: The Pivot Archipelago,Municipality MU1: Council of Last Minute Edits,City CY37: Conditional Format Borough,Postal area PA259: Hidden Sheet Sector,Postal code PC616: #REF! Delivery Route,,Address AD83: Cell Without a Home,,Excel Is Not A Database Ltd 927,2018
636035,Country CT10: Land of The Final Version,Region RG17: We Will See Later,Island IS8: The Pivot Archipelago,Municipality MU1: Council of Last Minute Edits,,Postal area PA259: Hidden Sheet Sector,Postal code PC616: #REF! Delivery Route,,Address AD66: Cell Without a Home,,Excel Is Not A Database Ltd 293,2017
475951,Country CT10: Land of The Final Version,Region RG17: We Will See Later,Island IS8: The Pivot Archipelago,Municipality MU1: Council of Last Minute Edits,City CY37: Conditional Format Borough,Postal area PA259: Hidden Sheet Sector,Postal code PC615: #REF! Delivery Route,,Address AD120: Cell Without a Home,,Excel Is Not A Database Ltd 1102,2015
781977,Country CT10: Land of The Final Version,Region RG17: We Will See Later,Island IS8: The Pivot Archipelago,Municipality MU1: Council of Last Minute Edits,City CY52: Pivot Table Harbor,Postal area PA259: Hidden Sheet Sector,Postal code PC614: #REF! Delivery Route,,Address AD85: Cell Without a Home,,Excel Is Not A Database Ltd 330,2018
734809,Country CT10: Land of The Final Version,Region RG17: We Will See Later,Island IS8: The Pivot Archipelago,Municipality MU1: Council of Last Minute Edits,City CY54: Final Final Harbor,Postal area PA259: Hidden Sheet Sector,Postal code PC613: #REF! Delivery Route,,Address AD65: Cell Without a Home,,Excel Is Not A Database Ltd 10,2015
262488,Country CT10: Land of The Final Version,Region RG17: We Will See Later,Island IS8: The Pivot Archipelago,Municipality MU1: Council of Last Minute Edits,City CY37: Conditional Format Borough,Postal area PA259: Hidden Sheet Sector,Postal code PC612: #REF! Delivery Route,,Address AD78: Cell Without a Home,,Excel Is Not A Database Ltd 1046,2019
248016,Country CT10: Land of The Final Version,Region RG17: We Will See Later,Island IS8: The Pivot Archipelago,Municipality MU1: Council of Last Minute Edits,,Postal area PA259: Hidden Sheet Sector,Postal code PC611: #REF! Delivery Route,,Address AD97: Cell Without a Home,,Excel Is Not A Database Ltd 1082,2015
855951,Country CT10: Land of The Final Version,Region RG17: We Will See Later,Island IS8: The Pivot Archipelago,Municipality MU1: Council of Last Minute Edits,,Postal area PA259: Hidden Sheet Sector,Postal code PC610: #REF! Delivery Route,Street ST21: Broken Formula Street,Address AD115: Cell Without a Home,,Excel Is Not A Database Ltd 579,2020
640698,Country CT10: Land of The Final Version,Region RG17: We Will See Later,Island IS8: The Pivot Archipelago,Municipality MU1: Council of Last Minute Edits,City CY40: Nested IF Borough,Postal area PA259: Hidden Sheet Sector,Postal code PC609: #REF! Delivery Route,,Address AD98: Cell Without a Home,,Excel Is Not A Database Ltd 1134,2015
769296,Country CT10: Land of The Final Version,Region RG17: We Will See Later,Island IS8: The Pivot Archipelago,Municipality MU1: Council of Last Minute Edits,City CY38: Relative Reference Borough,Postal area PA259: Hidden Sheet Sector,Postal code PC608: #REF! Delivery Route,,Address AD101: Cell Without a Home,,Excel Is Not A Database Ltd 505,2020
305131,Country CT10: Land of The Final Version,Region RG17: We Will See Later,Island IS8: The Pivot Archipelago,Municipality MU1: Council of Last Minute Edits,City CY44: Filtered View Borough,Postal area PA259: Hidden Sheet Sector,Postal code PC607: #REF! Delivery Route,,Address AD95: Cell Without a Home,,Excel Is Not A Database Ltd 421,2016
971102,Country CT10: Land of The Final Version,Region RG17: We Will See Later,Island IS8: The Pivot Archipelago,Municipality MU1: Council of Last Minute Edits,,Postal area PA259: Hidden Sheet Sector,Postal code PC607: #REF! Delivery Route,Street ST23: Spill Error Street,Address AD117: Cell Without a Home,,Excel Is Not A Database Ltd 360,2019
171254,Country CT10: Land of The Final Version,Region RG17: We Will See Later,Island IS8: The Pivot Archipelago,Municipality MU1: Council of Last Minute Edits,City CY47: Spill Error Borough,Postal area PA259: Hidden Sheet Sector,Postal code PC607: #REF! Delivery Route,,Address AD99: Cell Without a Home,,Excel Is Not A Database Ltd 611,2016
433302,Country CT10: Land of The Final Version,Region RG17: We Will See Later,Island IS8: The Pivot Archipelago,Municipality MU1: Council of Last Minute Edits,City CY43: Merged Cell Borough,Postal area PA259: Hidden Sheet Sector,Postal code PC607: #REF! Delivery Route,,Address AD96: Cell Without a Home,,Excel Is Not A Database Ltd 243,2015
252378,Country CT10: Land of The Final Version,Region RG17: We Will See Later,Island IS8: The Pivot Archipelago,Municipality MU1: Council of Last Minute Edits,,Postal area PA259: Hidden Sheet Sector,Postal code PC606: #REF! Delivery Route,,Address AD86: Cell Without a Home,,Excel Is Not A Database Ltd 252,2022
673819,Country CT10: Land of The Final Version,Region RG17: We Will See Later,Island IS8: The Pivot Archipelago,Municipality MU1: Council of Last Minute Edits,City CY54: Final Final Harbor,Postal area PA259: Hidden Sheet Sector,Postal code PC605: #REF! Delivery Route,,Address AD118: Cell Without a Home,,Excel Is Not A Database Ltd 376,2018
341652,Country CT10: Land of The Final Version,Region RG17: We Will See Later,Island IS8: The Pivot Archipelago,Municipality MU1: Council of Last Minute Edits,City CY37: Conditional Format Borough,Postal area PA259: Hidden Sheet Sector,Postal code PC604: #REF! Delivery Route,Street ST11: AutoFill Street,Address AD75: Cell Without a Home,,Excel Is Not A Database Ltd 1053,2019
388138,Country CT10: Land of The Final Version,Region RG17: We Will See Later,Island IS8: The Pivot Archipelago,Municipality MU1: Council of Last Minute Edits,,Postal area PA259: Hidden Sheet Sector,Postal code PC603: #REF! Delivery Route,Street ST9: Missing Cell Street,Address AD73: Cell Without a Home,,Excel Is Not A Database Ltd 136,2018
966113,Country CT10: Land of The Final Version,Region RG17: We Will See Later,Island IS8: The Pivot Archipelago,Municipality MU1: Council of Last Minute Edits,City CY54: Final Final Harbor,Postal area PA259: Hidden Sheet Sector,Postal code PC603: #REF! Delivery Route,Street ST9: Missing Cell Street,Address AD72: Cell Without a Home,,Excel Is Not A Database Ltd 139,2018
568262,Country CT10: Land of The Final Version,Region RG17: We Will See Later,Island IS8: The Pivot Archipelago,Municipality MU1: Council of Last Minute Edits,City CY37: Conditional Format Borough,Postal area PA259: Hidden Sheet Sector,Postal code PC603: #REF! Delivery Route,Street ST10: Unsorted Street,Address AD74: Cell Without a Home,,Excel Is Not A Database Ltd 1126,2018
579190,Country CT10: Land of The Final Version,Region RG17: We Will See Later,Island IS8: The Pivot Archipelago,Municipality MU1: Council of Last Minute Edits,,Postal area PA259: Hidden Sheet Sector,Postal code PC603: #REF! Delivery Route,Street ST8: Circular Reference Street,Address AD71: Cell Without a Home,,Excel Is Not A Database Ltd 811,2015
631677,Country CT10: Land of The Final Version,Region RG17: We Will See Later,Island IS8: The Pivot Archipelago,Municipality MU1: Council of Last Minute Edits,City CY37: Conditional Format Borough,Postal area PA259: Hidden Sheet Sector,Postal code PC603: #REF! Delivery Route,Street ST13: Conditional Format Street,Address AD77: Cell Without a Home,,Excel Is Not A Database Ltd 251,2015
371073,Country CT10: Land of The Final Version,Region RG17: We Will See Later,Island IS8: The Pivot Archipelago,Municipality MU1: Council of Last Minute Edits,City CY39: Absolute Reference Borough,Postal area PA259: Hidden Sheet Sector,Postal code PC602: #REF! Delivery Route,,Address AD100: Cell Without a Home,,Excel Is Not A Database Ltd 802,2017
938253,Country CT10: Land of The Final Version,Region RG17: We Will See Later,Island IS8: The Pivot Archipelago,Municipality MU1: Council of Last Minute Edits,City CY42: Duplicate Row Borough,Postal area PA259: Hidden Sheet Sector,Postal code PC601: #REF! Delivery Route,,Address AD112: Cell Without a Home,,Excel Is Not A Database Ltd 897,2015
492607,Country CT10: Land of The Final Version,Region RG17: We Will See Later,Island IS8: The Pivot Archipelago,Municipality MU1: Council of Last Minute Edits,City CY42: Duplicate Row Borough,Postal area PA259: Hidden Sheet Sector,Postal code PC601: #REF! Delivery Route,,Address AD113: Cell Without a Home,,Excel Is Not A Database Ltd 366,2015
864223,Country CT10: Land of The Final Version,Region RG17: We Will See Later,Island IS8: The Pivot Archipelago,Municipality MU1: Council of Last Minute Edits,City CY52: Pivot Table Harbor,Postal area PA259: Hidden Sheet Sector,Postal code PC600: #REF! Delivery Route,,Address AD89: Cell Without a Home,,Excel Is Not A Database Ltd 52,2017
475032,Country CT10: Land of The Final Version,Region RG17: We Will See Later,Island IS8: The Pivot Archipelago,Municipality MU1: Council of Last Minute Edits,City CY37: Conditional Format Borough,Postal area PA259: Hidden Sheet Sector,Postal code PC600: #REF! Delivery Route,Street ST20: Filtered View Street,Address AD114: Cell Without a Home,,Excel Is Not A Database Ltd 1045,2016
748791,Country CT10: Land of The Final Version,Region RG17: We Will See Later,Island IS8: The Pivot Archipelago,Municipality MU1: Council of Last Minute Edits,City CY54: Final Final Harbor,Postal area PA259: Hidden Sheet Sector,Postal code PC599: #REF! Delivery Route,,Address AD110: Cell Without a Home,,Excel Is Not A Database Ltd 143,2015
666844,Country CT10: Land of The Final Version,Region RG17: We Will See Later,Island IS8: The Pivot Archipelago,Municipality MU1: Council of Last Minute Edits,,Postal area PA259: Hidden Sheet Sector,Postal code PC598: #REF! Delivery Route,,Address AD90: Cell Without a Home,,Excel Is Not A Database Ltd 969,2019
826773,Country CT10: Land of The Final Version,Region RG17: We Will See Later,Island IS8: The Pivot Archipelago,Municipality MU1: Council of Last Minute Edits,,Postal area PA259: Hidden Sheet Sector,Postal code PC597: #REF! Delivery Route,,Address AD84: Cell Without a Home,,Excel Is Not A Database Ltd 921,2017
933050,Country CT10: Land of The Final Version,Region RG17: We Will See Later,Island IS8: The Pivot Archipelago,Municipality MU1: Council of Last Minute Edits,,Postal area PA259: Hidden Sheet Sector,Postal code PC596: #REF! Delivery Route,Street ST12: Frozen Pane Street,Address AD76: Cell Without a Home,,Excel Is Not A Database Ltd 628,2017
576618,Country CT10: Land of The Final Version,Region RG17: We Will See Later,Island IS8: The Pivot Archipelago,Municipality MU1: Council of Last Minute Edits,,Postal area PA259: Hidden Sheet Sector,Postal code PC596: #REF! Delivery Route,Street ST7: Hidden Sheet Street,Address AD70: Cell Without a Home,,Excel Is Not A Database Ltd 370,2021
859214,Country CT10: Land of The Final Version,Region RG17: We Will See Later,Island IS8: The Pivot Archipelago,Municipality MU1: Council of Last Minute Edits,City CY37: Conditional Format Borough,Postal area PA259: Hidden Sheet Sector,Postal code PC596: #REF! Delivery Route,Street ST16: Nested IF Street,Address AD102: Cell Without a Home,,Excel Is Not A Database Ltd 1044,2015
614937,Country CT10: Land of The Final Version,Region RG17: We Will See Later,Island IS8: The Pivot Archipelago,Municipality MU1: Council of Last Minute Edits,City CY45: Broken Formula Borough,Postal area PA259: Hidden Sheet Sector,,,Address AD108: Cell Without a Home,,Excel Is Not A Database Ltd 116,2015
548903,Country CT10: Land of The Final Version,Region RG17: We Will See Later,Island IS8: The Pivot Archipelago,Municipality MU1: Council of Last Minute Edits,City CY35: AutoFill Borough,Postal area PA259: Hidden Sheet Sector,,Street ST15: Absolute Reference Street,Address AD81: Cell Without a Home,,Excel Is Not A Database Ltd 362,2015
628341,Country CT10: Land of The Final Version,Region RG17: We Will See Later,Island IS8: The Pivot Archipelago,Municipality MU1: Council of Last Minute Edits,City CY46: Cached Result Borough,Postal area PA259: Hidden Sheet Sector,,Street ST22: Cached Result Street,Address AD109: Cell Without a Home,,Excel Is Not A Database Ltd 246,2015
270321,Country CT10: Land of The Final Version,Region RG17: We Will See Later,Island IS8: The Pivot Archipelago,Municipality MU1: Council of Last Minute Edits,,Postal area PA259: Hidden Sheet Sector,,,Address AD88: Cell Without a Home,,Excel Is Not A Database Ltd 20,2015
753694,Country CT10: Land of The Final Version,Region RG17: We Will See Later,Island IS8: The Pivot Archipelago,Municipality MU1: Council of Last Minute Edits,,Postal area PA259: Hidden Sheet Sector,,,Address AD87: Cell Without a Home,,Excel Is Not A Database Ltd 746,2015
620091,Country CT10: Land of The Final Version,Region RG17: We Will See Later,Island IS7: The Pivot Archipelago,Municipality MU18: Council of Last Minute Edits,City CY198: Final Final Hills,Postal area PA258: Hidden Sheet Sector,Postal code PC595: #REF! Delivery Route,,Address AD561: Cell Without a Home,,Excel Is Not A Database Ltd 974,2015
789016,Country CT10: Land of The Final Version,Region RG17: We Will See Later,Island IS7: The Pivot Archipelago,Municipality MU18: Council of Last Minute Edits,,Postal area PA258: Hidden Sheet Sector,Postal code PC594: #REF! Delivery Route,,Address AD557: Cell Without a Home,,Excel Is Not A Database Ltd 180,2017
609101,Country CT10: Land of The Final Version,Region RG17: We Will See Later,Island IS7: The Pivot Archipelago,Municipality MU18: Council of Last Minute Edits,,Postal area PA258: Hidden Sheet Sector,Postal code PC593: #REF! Delivery Route,Street ST201: Missing Cell Drive,Address AD565: Cell Without a Home,,Excel Is Not A Database Ltd 263,2015
570661,Country CT10: Land of The Final Version,Region RG17: We Will See Later,Island IS7: The Pivot Archipelago,Municipality MU18: Council of Last Minute Edits,,Postal area PA258: Hidden Sheet Sector,Postal code PC592: #REF! Delivery Route,,Address AD562: Cell Without a Home,,Excel Is Not A Database Ltd 539,2015
568163,Country CT10: Land of The Final Version,Region RG17: We Will See Later,Island IS7: The Pivot Archipelago,Municipality MU18: Council of Last Minute Edits,City CY199: Hidden Sheet Hills,Postal area PA258: Hidden Sheet Sector,Postal code PC591: #REF! Delivery Route,Street ST202: Unsorted Drive,Address AD566: Cell Without a Home,,Excel Is Not A Database Ltd 526,2015
942170,Country CT10: Land of The Final Version,Region RG17: We Will See Later,Island IS7: The Pivot Archipelago,Municipality MU18: Council of Last Minute Edits,,Postal area PA258: Hidden Sheet Sector,Postal code PC590: #REF! Delivery Route,Street ST200: Circular Reference Drive,Address AD564: Cell Without a Home,,Excel Is Not A Database Ltd 142,2015
504007,Country CT10: Land of The Final Version,Region RG17: We Will See Later,Island IS7: The Pivot Archipelago,Municipality MU18: Council of Last Minute Edits,,Postal area PA258: Hidden Sheet Sector,Postal code PC589: #REF! Delivery Route,Street ST199: Hidden Sheet Drive,Address AD563: Cell Without a Home,,Excel Is Not A Database Ltd 417,2019
749348,Country CT10: Land of The Final Version,Region RG17: We Will See Later,Island IS7: The Pivot Archipelago,Municipality MU18: Council of Last Minute Edits,,Postal area PA258: Hidden Sheet Sector,Postal code PC588: #REF! Delivery Route,Street ST198: Final Final Drive,Address AD560: Cell Without a Home,,Excel Is Not A Database Ltd 279,2015
864080,Country CT10: Land of The Final Version,Region RG17: We Will See Later,Island IS7: The Pivot Archipelago,Municipality MU18: Council of Last Minute Edits,,Postal area PA258: Hidden Sheet Sector,Postal code PC587: #REF! Delivery Route,,Address AD558: Cell Without a Home,,Excel Is Not A Database Ltd 855,2015
257072,Country CT10: Land of The Final Version,Region RG17: We Will See Later,Island IS7: The Pivot Archipelago,Municipality MU18: Council of Last Minute Edits,City CY197: Ctrl Z Hills,Postal area PA258: Hidden Sheet Sector,,,Address AD559: Cell Without a Home,,Excel Is Not A Database Ltd 101,2015
236266,Country CT10: Land of The Final Version,Region RG17: We Will See Later,Island IS7: The Pivot Archipelago,Municipality MU10: Council of Last Minute Edits,City CY143: Spill Error Crossing,Postal area PA257: Hidden Sheet Sector,Postal code PC586: #REF! Delivery Route,Street ST125: Ctrl Z Court,Address AD358: Cell Without a Home,,Excel Is Not A Database Ltd 1029,2015
494490,Country CT10: Land of The Final Version,Region RG17: We Will See Later,Island IS7: The Pivot Archipelago,Municipality MU10: Council of Last Minute Edits,City CY141: Broken Formula Crossing,Postal area PA257: Hidden Sheet Sector,Postal code PC585: #REF! Delivery Route,,Address AD355: Cell Without a Home,,Excel Is Not A Database Ltd 943,2017
901808,Country CT10: Land of The Final Version,Region RG17: We Will See Later,Island IS7: The Pivot Archipelago,Municipality MU10: Council of Last Minute Edits,City CY141: Broken Formula Crossing,Postal area PA257: Hidden Sheet Sector,Postal code PC584: #REF! Delivery Route,,Address AD356: Cell Without a Home,,Excel Is Not A Database Ltd 266,2015
529840,Country CT10: Land of The Final Version,Region RG17: We Will See Later,Island IS7: The Pivot Archipelago,Municipality MU10: Council of Last Minute Edits,City CY140: Filtered View Crossing,Postal area PA257: Hidden Sheet Sector,Postal code PC583: #REF! Delivery Route,Street ST126: Final Final Court,Address AD359: Cell Without a Home,,Excel Is Not A Database Ltd 1027,2017
131189,Country CT10: Land of The Final Version,Region RG17: We Will See Later,Island IS7: The Pivot Archipelago,Municipality MU10: Council of Last Minute Edits,,Postal area PA257: Hidden Sheet Sector,Postal code PC582: #REF! Delivery Route,Street ST124: Pivot Table Court,Address AD357: Cell Without a Home,,Excel Is Not A Database Ltd 24,2018
808567,Country CT10: Land of The Final Version,Region RG17: We Will See Later,Island IS7: The Pivot Archipelago,Municipality MU10: Council of Last Minute Edits,,Postal area PA256: Hidden Sheet Sector,Postal code PC581: #REF! Delivery Route,Street ST121: Where-less Query Court,Address AD353: Cell Without a Home,,Excel Is Not A Database Ltd 1018,2015
210389,Country CT10: Land of The Final Version,Region RG17: We Will See Later,Island IS7: The Pivot Archipelago,Municipality MU10: Council of Last Minute Edits,City CY140: Filtered View Crossing,Postal area PA256: Hidden Sheet Sector,Postal code PC580: #REF! Delivery Route,,Address AD347: Cell Without a Home,,Excel Is Not A Database Ltd 544,2015
281940,Country CT10: Land of The Final Version,Region RG17: We Will See Later,Island IS7: The Pivot Archipelago,Municipality MU10: Council of Last Minute Edits,City CY143: Spill Error Crossing,Postal area PA256: Hidden Sheet Sector,Postal code PC579: #REF! Delivery Route,Street ST119: Spill Error Crescent,Address AD348: Cell Without a Home,,Excel Is Not A Database Ltd 102,2015
203871,Country CT10: Land of The Final Version,Region RG17: We Will See Later,Island IS7: The Pivot Archipelago,Municipality MU10: Council of Last Minute Edits,City CY140: Filtered View Crossing,Postal area PA256: Hidden Sheet Sector,Postal code PC578: #REF! Delivery Route,,Address AD346: Cell Without a Home,,Excel Is Not A Database Ltd 754,2015
215158,Country CT10: Land of The Final Version,Region RG17: We Will See Later,Island IS7: The Pivot Archipelago,Municipality MU10: Council of Last Minute Edits,City CY140: Filtered View Crossing,Postal area PA256: Hidden Sheet Sector,Postal code PC578: #REF! Delivery Route,Street ST118: Cached Result Crescent,Address AD345: Cell Without a Home,,Excel Is Not A Database Ltd 514,2015
186076,Country CT10: Land of The Final Version,Region RG17: We Will See Later,Island IS7: The Pivot Archipelago,Municipality MU10: Council of Last Minute Edits,City CY142: Cached Result Crossing,Postal area PA256: Hidden Sheet Sector,Postal code PC577: #REF! Delivery Route,,Address AD351: Cell Without a Home,,Excel Is Not A Database Ltd 653,2015
794828,Country CT10: Land of The Final Version,Region RG17: We Will See Later,Island IS7: The Pivot Archipelago,Municipality MU10: Council of Last Minute Edits,,Postal area PA256: Hidden Sheet Sector,,Street ST123: VLOOKUP Court,Address AD352: Cell Without a Home,,Excel Is Not A Database Ltd 701,2015
310312,Country CT10: Land of The Final Version,Region RG17: We Will See Later,Island IS7: The Pivot Archipelago,Municipality MU10: Council of Last Minute Edits,City CY138: Duplicate Row Crossing,Postal area PA256: Hidden Sheet Sector,,Street ST120: Last Save Crescent,Address AD349: Cell Without a Home,,Excel Is Not A Database Ltd 782,2015
943239,Country CT10: Land of The Final Version,Region RG17: We Will See Later,Island IS7: The Pivot Archipelago,Municipality MU10: Council of Last Minute Edits,City CY139: Merged Cell Crossing,Postal area PA256: Hidden Sheet Sector,,,Address AD350: Cell Without a Home,,Excel Is Not A Database Ltd 87,2015
933013,Country CT10: Land of The Final Version,Region RG17: We Will See Later,Island IS7: The Pivot Archipelago,Municipality MU10: Council of Last Minute Edits,City CY140: Filtered View Crossing,Postal area PA256: Hidden Sheet Sector,,Street ST122: PowerPoint New Court,Address AD354: Cell Without a Home,,Excel Is Not A Database Ltd 1067,2015
581625,Country CT10: Land of The Final Version,Region RG17: We Will See Later,Island IS7: The Pivot Archipelago,Municipality MU8: Council of Last Minute Edits,,Postal area PA255: Hidden Sheet Sector,Postal code PC576: #REF! Delivery Route,,Address AD285: Cell Without a Home,,Excel Is Not A Database Ltd 1030,2015
853950,Country CT10: Land of The Final Version,Region RG17: We Will See Later,Island IS7: The Pivot Archipelago,Municipality MU8: Council of Last Minute Edits,City CY120: Last Save Heights,Postal area PA255: Hidden Sheet Sector,Postal code PC575: #REF! Delivery Route,,Address AD293: Cell Without a Home,,Excel Is Not A Database Ltd 844,2023
697229,Country CT10: Land of The Final Version,Region RG17: We Will See Later,Island IS7: The Pivot Archipelago,Municipality MU8: Council of Last Minute Edits,City CY121: Where-less Query Crossing,Postal area PA255: Hidden Sheet Sector,Postal code PC574: #REF! Delivery Route,,Address AD290: Cell Without a Home,,Excel Is Not A Database Ltd 296,2015
249260,Country CT10: Land of The Final Version,Region RG17: We Will See Later,Island IS7: The Pivot Archipelago,Municipality MU8: Council of Last Minute Edits,,Postal area PA255: Hidden Sheet Sector,Postal code PC574: #REF! Delivery Route,,Address AD290: Cell Without a Home,,Excel Is Not A Database Ltd 337,2016
178801,Country CT10: Land of The Final Version,Region RG17: We Will See Later,Island IS7: The Pivot Archipelago,Municipality MU8: Council of Last Minute Edits,City CY118: Cached Result Heights,Postal area PA255: Hidden Sheet Sector,Postal code PC573: #REF! Delivery Route,,Address AD284: Cell Without a Home,,Excel Is Not A Database Ltd 254,2015
688367,Country CT10: Land of The Final Version,Region RG17: We Will See Later,Island IS7: The Pivot Archipelago,Municipality MU8: Council of Last Minute Edits,,Postal area PA255: Hidden Sheet Sector,Postal code PC572: #REF! Delivery Route,Street ST90: Duplicate Row Road,Address AD287: Cell Without a Home,,Excel Is Not A Database Ltd 85,2015
793475,Country CT10: Land of The Final Version,Region RG17: We Will See Later,Island IS7: The Pivot Archipelago,Municipality MU8: Council of Last Minute Edits,City CY118: Cached Result Heights,Postal area PA255: Hidden Sheet Sector,Postal code PC571: #REF! Delivery Route,,Address AD286: Cell Without a Home,,Excel Is Not A Database Ltd 586,2015
543038,Country CT10: Land of The Final Version,Region RG17: We Will See Later,Island IS7: The Pivot Archipelago,Municipality MU8: Council of Last Minute Edits,,Postal area PA255: Hidden Sheet Sector,Postal code PC570: #REF! Delivery Route,Street ST89: Null Value Road,Address AD283: Cell Without a Home,,Excel Is Not A Database Ltd 641,2021
729699,Country CT10: Land of The Final Version,Region RG17: We Will See Later,Island IS7: The Pivot Archipelago,Municipality MU8: Council of Last Minute Edits,,Postal area PA255: Hidden Sheet Sector,Postal code PC569: #REF! Delivery Route,Street ST88: Nested IF Road,Address AD282: Cell Without a Home,,Excel Is Not A Database Ltd 253,2022
737705,Country CT10: Land of The Final Version,Region RG17: We Will See Later,Island IS7: The Pivot Archipelago,Municipality MU8: Council of Last Minute Edits,,Postal area PA255: Hidden Sheet Sector,,,Address AD292: Cell Without a Home,,Excel Is Not A Database Ltd 258,2015
564088,Country CT10: Land of The Final Version,Region RG17: We Will See Later,Island IS7: The Pivot Archipelago,Municipality MU8: Council of Last Minute Edits,,Postal area PA255: Hidden Sheet Sector,,,Address AD291: Cell Without a Home,,Excel Is Not A Database Ltd 936,2015
565714,Country CT10: Land of The Final Version,Region RG17: We Will See Later,Island IS7: The Pivot Archipelago,Municipality MU8: Council of Last Minute Edits,City CY118: Cached Result Heights,Postal area PA255: Hidden Sheet Sector,,Street ST91: Merged Cell Road,Address AD289: Cell Without a Home,,Excel Is Not A Database Ltd 838,2015
599295,Country CT10: Land of The Final Version,Region RG17: We Will See Later,Island IS7: The Pivot Archipelago,Municipality MU8: Council of Last Minute Edits,City CY119: Spill Error Heights,Postal area PA255: Hidden Sheet Sector,,,Address AD281: Cell Without a Home,,Excel Is Not A Database Ltd 700,2015
307004,Country CT10: Land of The Final Version,Region RG17: We Will See Later,Island IS7: The Pivot Archipelago,Municipality MU8: Council of Last Minute Edits,City CY117: Broken Formula Heights,Postal area PA255: Hidden Sheet Sector,,Street ST92: Filtered View Road,Address AD288: Cell Without a Home,,Excel Is Not A Database Ltd 608,2015
182527,Country CT10: Land of The Final Version,Region RG17: We Will See Later,Island IS7: The Pivot Archipelago,Municipality MU8: Council of Last Minute Edits,,Postal area PA255: Hidden Sheet Sector,,Street ST87: Absolute Reference Road,Address AD280: Cell Without a Home,,Excel Is Not A Database Ltd 918,2015
622440,Country CT10: Land of The Final Version,Region RG17: We Will See Later,Island IS7: The Pivot Archipelago,Municipality MU12: Council of Last Minute Edits,City CY160: Nested IF Bay,Postal area PA254: Hidden Sheet Sector,Postal code PC568: #REF! Delivery Route,,Address AD411: Cell Without a Home,,Excel Is Not A Database Ltd 183,2015
255774,Country CT10: Land of The Final Version,Region RG17: We Will See Later,Island IS7: The Pivot Archipelago,Municipality MU12: Council of Last Minute Edits,,Postal area PA254: Hidden Sheet Sector,Postal code PC568: #REF! Delivery Route,,Address AD414: Cell Without a Home,,Excel Is Not A Database Ltd 384,2021
714679,Country CT10: Land of The Final Version,Region RG17: We Will See Later,Island IS7: The Pivot Archipelago,Municipality MU12: Council of Last Minute Edits,,Postal area PA254: Hidden Sheet Sector,Postal code PC568: #REF! Delivery Route,,Address AD414: Cell Without a Home,,Excel Is Not A Database Ltd 384,2017
218902,Country CT10: Land of The Final Version,Region RG17: We Will See Later,Island IS7: The Pivot Archipelago,Municipality MU12: Council of Last Minute Edits,City CY160: Nested IF Bay,Postal area PA254: Hidden Sheet Sector,Postal code PC568: #REF! Delivery Route,,Address AD409: Cell Without a Home,,Excel Is Not A Database Ltd 389,2023
733919,Country CT10: Land of The Final Version,Region RG17: We Will See Later,Island IS7: The Pivot Archipelago,Municipality MU12: Council of Last Minute Edits,City CY156: Frozen Pane Bay,Postal area PA254: Hidden Sheet Sector,Postal code PC567: #REF! Delivery Route,Street ST153: Missing Cell Way,Address AD412: Cell Without a Home,,Excel Is Not A Database Ltd 1042,2015
585928,Country CT10: Land of The Final Version,Region RG17: We Will See Later,Island IS7: The Pivot Archipelago,Municipality MU12: Council of Last Minute Edits,,Postal area PA254: Hidden Sheet Sector,Postal code PC566: #REF! Delivery Route,Street ST152: Circular Reference Way,Address AD413: Cell Without a Home,,Excel Is Not A Database Ltd 683,2015
856505,Country CT10: Land of The Final Version,Region RG17: We Will See Later,Island IS5: The Pivot Archipelago,Municipality MU17: Council of Last Minute Edits,City CY193: Where-less Query Hills,,,,Address AD556: Cell Without a Home,,Excel Is Not A Database Ltd 622,2015
911889,Country CT10: Land of The Final Version,Region RG17: We Will See Later,Island IS7: The Pivot Archipelago,Municipality MU12: Council of Last Minute Edits,City CY154: Unsorted Bay,Postal area PA254: Hidden Sheet Sector,,,Address AD410: Cell Without a Home,,Excel Is Not A Database Ltd 756,2015
383859,Country CT10: Land of The Final Version,Region RG17: We Will See Later,Island IS7: The Pivot Archipelago,Municipality MU12: Council of Last Minute Edits,,Postal area PA253: Hidden Sheet Sector,Postal code PC565: #REF! Delivery Route,,Address AD392: Cell Without a Home,,Excel Is Not A Database Ltd 488,2015
779762,Country CT10: Land of The Final Version,Region RG17: We Will See Later,Island IS7: The Pivot Archipelago,Municipality MU12: Council of Last Minute Edits,City CY162: Duplicate Row Bay,Postal area PA253: Hidden Sheet Sector,Postal code PC564: #REF! Delivery Route,,Address AD391: Cell Without a Home,,Excel Is Not A Database Ltd 971,2015
315455,Country CT10: Land of The Final Version,Region RG17: We Will See Later,Island IS7: The Pivot Archipelago,Municipality MU12: Council of Last Minute Edits,City CY153: Missing Cell Bay,Postal area PA253: Hidden Sheet Sector,Postal code PC563: #REF! Delivery Route,Street ST147: VLOOKUP Way,Address AD404: Cell Without a Home,,Excel Is Not A Database Ltd 515,2018
490455,Country CT10: Land of The Final Version,Region RG17: We Will See Later,Island IS7: The Pivot Archipelago,Municipality MU12: Council of Last Minute Edits,,Postal area PA253: Hidden Sheet Sector,Postal code PC562: #REF! Delivery Route,Street ST148: Pivot Table Way,Address AD405: Cell Without a Home,,Excel Is Not A Database Ltd 868,2015
445484,Country CT10: Land of The Final Version,Region RG17: We Will See Later,Island IS7: The Pivot Archipelago,Municipality MU12: Council of Last Minute Edits,City CY158: Relative Reference Bay,Postal area PA253: Hidden Sheet Sector,Postal code PC561: #REF! Delivery Route,Street ST145: Where-less Query Way,Address AD402: Cell Without a Home,,Excel Is Not A Database Ltd 989,2021
177253,Country CT10: Land of The Final Version,Region RG17: We Will See Later,Island IS7: The Pivot Archipelago,Municipality MU12: Council of Last Minute Edits,,Postal area PA253: Hidden Sheet Sector,Postal code PC560: #REF! Delivery Route,,Address AD394: Cell Without a Home,,Excel Is Not A Database Ltd 625,2017
955725,Country CT10: Land of The Final Version,Region RG17: We Will See Later,Island IS7: The Pivot Archipelago,Municipality MU12: Council of Last Minute Edits,City CY161: Null Value Bay,Postal area PA253: Hidden Sheet Sector,Postal code PC559: #REF! Delivery Route,Street ST143: Spill Error Court,Address AD401: Cell Without a Home,,Excel Is Not A Database Ltd 28,2018
512927,Country CT10: Land of The Final Version,Region RG17: We Will See Later,Island IS7: The Pivot Archipelago,Municipality MU12: Council of Last Minute Edits,,Postal area PA253: Hidden Sheet Sector,Postal code PC558: #REF! Delivery Route,Street ST144: Last Save Court,Address AD399: Cell Without a Home,,Excel Is Not A Database Ltd 530,2018
889822,Country CT10: Land of The Final Version,Region RG17: We Will See Later,Island IS7: The Pivot Archipelago,Municipality MU12: Council of Last Minute Edits,City CY159: Absolute Reference Bay,Postal area PA253: Hidden Sheet Sector,Postal code PC558: #REF! Delivery Route,Street ST142: Cached Result Court,Address AD393: Cell Without a Home,,Excel Is Not A Database Ltd 966,2021
379839,Country CT10: Land of The Final Version,Region RG17: We Will See Later,Island IS7: The Pivot Archipelago,Municipality MU12: Council of Last Minute Edits,City CY152: Circular Reference Bay,Postal area PA253: Hidden Sheet Sector,Postal code PC557: #REF! Delivery Route,,Address AD408: Cell Without a Home,,Excel Is Not A Database Ltd 140,2015
659393,Country CT10: Land of The Final Version,Region RG17: We Will See Later,Island IS7: The Pivot Archipelago,Municipality MU12: Council of Last Minute Edits,City CY158: Relative Reference Bay,Postal area PA253: Hidden Sheet Sector,Postal code PC556: #REF! Delivery Route,,Address AD398: Cell Without a Home,,Excel Is Not A Database Ltd 179,2024
610152,Country CT10: Land of The Final Version,Region RG17: We Will See Later,Island IS7: The Pivot Archipelago,Municipality MU12: Council of Last Minute Edits,City CY157: Conditional Format Bay,Postal area PA253: Hidden Sheet Sector,Postal code PC555: #REF! Delivery Route,,Address AD397: Cell Without a Home,,Excel Is Not A Database Ltd 398,2025
743355,Country CT10: Land of The Final Version,Region RG17: We Will See Later,Island IS7: The Pivot Archipelago,Municipality MU12: Council of Last Minute Edits,,Postal area PA253: Hidden Sheet Sector,Postal code PC554: #REF! Delivery Route,,Address AD395: Cell Without a Home,,Excel Is Not A Database Ltd 1068,2015
261350,Country CT10: Land of The Final Version,Region RG17: We Will See Later,Island IS7: The Pivot Archipelago,Municipality MU12: Council of Last Minute Edits,City CY158: Relative Reference Bay,Postal area PA253: Hidden Sheet Sector,Postal code PC553: #REF! Delivery Route,Street ST146: PowerPoint New Way,Address AD403: Cell Without a Home,,Excel Is Not A Database Ltd 803,2022
694984,Country CT10: Land of The Final Version,Region RG17: We Will See Later,Island IS7: The Pivot Archipelago,Municipality MU12: Council of Last Minute Edits,City CY157: Conditional Format Bay,Postal area PA253: Hidden Sheet Sector,Postal code PC552: #REF! Delivery Route,,Address AD396: Cell Without a Home,,Excel Is Not A Database Ltd 751,2017
992407,Country CT10: Land of The Final Version,Region RG17: We Will See Later,Island IS7: The Pivot Archipelago,Municipality MU12: Council of Last Minute Edits,City CY157: Conditional Format Bay,Postal area PA253: Hidden Sheet Sector,,Street ST149: Ctrl Z Way,Address AD406: Cell Without a Home,,Excel Is Not A Database Ltd 864,2015
720061,Country CT10: Land of The Final Version,Region RG17: We Will See Later,Island IS7: The Pivot Archipelago,Municipality MU12: Council of Last Minute Edits,City CY155: AutoFill Bay,Postal area PA253: Hidden Sheet Sector,,Street ST150: Final Final Way,Address AD400: Cell Without a Home,,Excel Is Not A Database Ltd 752,2015
805495,Country CT10: Land of The Final Version,Region RG17: We Will See Later,Island IS7: The Pivot Archipelago,Municipality MU12: Council of Last Minute Edits,,Postal area PA253: Hidden Sheet Sector,,Street ST151: Hidden Sheet Way,Address AD407: Cell Without a Home,,Excel Is Not A Database Ltd 210,2015
588588,Country CT10: Land of The Final Version,Region RG17: We Will See Later,Island IS5: The Pivot Archipelago,Municipality MU17: Council of Last Minute Edits,,Postal area PA252: Hidden Sheet Sector,Postal code PC551: #REF! Delivery Route,,Address AD522: Cell Without a Home,,Excel Is Not A Database Ltd 124,2016
104885,Country CT10: Land of The Final Version,Region RG17: We Will See Later,Island IS5: The Pivot Archipelago,Municipality MU17: Council of Last Minute Edits,City CY191: Spill Error Grove,Postal area PA252: Hidden Sheet Sector,Postal code PC550: #REF! Delivery Route,,Address AD521: Cell Without a Home,,Excel Is Not A Database Ltd 1015,2015
871356,Country CT10: Land of The Final Version,Region RG17: We Will See Later,Island IS5: The Pivot Archipelago,Municipality MU17: Council of Last Minute Edits,City CY194: PowerPoint New Hills,Postal area PA252: Hidden Sheet Sector,Postal code PC549: #REF! Delivery Route,,Address AD549: Cell Without a Home,,Excel Is Not A Database Ltd 861,2015
861279,Country CT10: Land of The Final Version,Region RG17: We Will See Later,Island IS5: The Pivot Archipelago,Municipality MU17: Council of Last Minute Edits,City CY196: Pivot Table Hills,Postal area PA252: Hidden Sheet Sector,Postal code PC549: #REF! Delivery Route,,Address AD528: Cell Without a Home,,Excel Is Not A Database Ltd 860,2023
996998,Country CT10: Land of The Final Version,Region RG17: We Will See Later,Island IS5: The Pivot Archipelago,Municipality MU17: Council of Last Minute Edits,City CY194: PowerPoint New Hills,Postal area PA252: Hidden Sheet Sector,Postal code PC548: #REF! Delivery Route,Street ST197: Ctrl Z Drive,Address AD546: Cell Without a Home,,Excel Is Not A Database Ltd 524,2020
969713,Country CT10: Land of The Final Version,Region RG17: We Will See Later,Island IS5: The Pivot Archipelago,Municipality MU17: Council of Last Minute Edits,City CY194: PowerPoint New Hills,Postal area PA252: Hidden Sheet Sector,Postal code PC548: #REF! Delivery Route,Street ST196: Pivot Table Drive,Address AD542: Cell Without a Home,,Excel Is Not A Database Ltd 5,2015
568558,Country CT10: Land of The Final Version,Region RG17: We Will See Later,Island IS5: The Pivot Archipelago,Municipality MU17: Council of Last Minute Edits,,Postal area PA252: Hidden Sheet Sector,Postal code PC548: #REF! Delivery Route,Street ST196: Pivot Table Drive,Address AD543: Cell Without a Home,,Excel Is Not A Database Ltd 404,2015
834397,Country CT10: Land of The Final Version,Region RG17: We Will See Later,Island IS5: The Pivot Archipelago,Municipality MU17: Council of Last Minute Edits,,Postal area PA252: Hidden Sheet Sector,Postal code PC548: #REF! Delivery Route,Street ST197: Ctrl Z Drive,Address AD547: Cell Without a Home,,Excel Is Not A Database Ltd 834,2015
622586,Country CT10: Land of The Final Version,Region RG17: We Will See Later,Island IS5: The Pivot Archipelago,Municipality MU17: Council of Last Minute Edits,,Postal area PA252: Hidden Sheet Sector,Postal code PC547: #REF! Delivery Route,,Address AD550: Cell Without a Home,,Excel Is Not A Database Ltd 98,2015
726839,Country CT10: Land of The Final Version,Region RG17: We Will See Later,Island IS5: The Pivot Archipelago,Municipality MU17: Council of Last Minute Edits,City CY192: Last Save Grove,Postal area PA252: Hidden Sheet Sector,Postal code PC546: #REF! Delivery Route,Street ST194: PowerPoint New Drive,Address AD541: Cell Without a Home,,Excel Is Not A Database Ltd 478,2015
209685,Country CT10: Land of The Final Version,Region RG17: We Will See Later,Island IS5: The Pivot Archipelago,Municipality MU17: Council of Last Minute Edits,City CY196: Pivot Table Hills,Postal area PA252: Hidden Sheet Sector,Postal code PC546: #REF! Delivery Route,,Address AD553: Cell Without a Home,,Excel Is Not A Database Ltd 983,2017
150345,Country CT10: Land of The Final Version,Region RG17: We Will See Later,Island IS5: The Pivot Archipelago,Municipality MU17: Council of Last Minute Edits,City CY196: Pivot Table Hills,Postal area PA252: Hidden Sheet Sector,Postal code PC546: #REF! Delivery Route,Street ST193: Where-less Query Drive,Address AD540: Cell Without a Home,,Excel Is Not A Database Ltd 1075,2017
807030,Country CT10: Land of The Final Version,Region RG17: We Will See Later,Island IS5: The Pivot Archipelago,Municipality MU17: Council of Last Minute Edits,City CY196: Pivot Table Hills,Postal area PA252: Hidden Sheet Sector,Postal code PC545: #REF! Delivery Route,Street ST192: Last Save Walk,Address AD536: Cell Without a Home,,Excel Is Not A Database Ltd 841,2017
473854,Country CT10: Land of The Final Version,Region RG17: We Will See Later,Island IS5: The Pivot Archipelago,Municipality MU17: Council of Last Minute Edits,,Postal area PA252: Hidden Sheet Sector,Postal code PC545: #REF! Delivery Route,Street ST192: Last Save Walk,Address AD538: Cell Without a Home,,Excel Is Not A Database Ltd 963,2015
529466,Country CT10: Land of The Final Version,Region RG17: We Will See Later,Island IS5: The Pivot Archipelago,Municipality MU17: Council of Last Minute Edits,,Postal area PA252: Hidden Sheet Sector,Postal code PC545: #REF! Delivery Route,Street ST192: Last Save Walk,Address AD537: Cell Without a Home,,Excel Is Not A Database Ltd 455,2016
759953,Country CT10: Land of The Final Version,Region RG17: We Will See Later,Island IS5: The Pivot Archipelago,Municipality MU17: Council of Last Minute Edits,City CY194: PowerPoint New Hills,Postal area PA252: Hidden Sheet Sector,Postal code PC545: #REF! Delivery Route,Street ST192: Last Save Walk,Address AD534: Cell Without a Home,,Excel Is Not A Database Ltd 70,2015
470308,Country CT10: Land of The Final Version,Region RG17: We Will See Later,Island IS5: The Pivot Archipelago,Municipality MU17: Council of Last Minute Edits,City CY194: PowerPoint New Hills,Postal area PA252: Hidden Sheet Sector,Postal code PC545: #REF! Delivery Route,Street ST191: Spill Error Walk,Address AD535: Cell Without a Home,,Excel Is Not A Database Ltd 658,2015
441324,Country CT10: Land of The Final Version,Region RG17: We Will See Later,Island IS5: The Pivot Archipelago,Municipality MU17: Council of Last Minute Edits,City CY194: PowerPoint New Hills,Postal area PA252: Hidden Sheet Sector,Postal code PC545: #REF! Delivery Route,Street ST190: Cached Result Walk,Address AD533: Cell Without a Home,,Excel Is Not A Database Ltd 146,2015
714003,Country CT10: Land of The Final Version,Region RG17: We Will See Later,Island IS5: The Pivot Archipelago,Municipality MU17: Council of Last Minute Edits,,Postal area PA252: Hidden Sheet Sector,Postal code PC544: #REF! Delivery Route,,Address AD532: Cell Without a Home,,Excel Is Not A Database Ltd 336,2015
288136,Country CT10: Land of The Final Version,Region RG17: We Will See Later,Island IS5: The Pivot Archipelago,Municipality MU17: Council of Last Minute Edits,City CY196: Pivot Table Hills,Postal area PA252: Hidden Sheet Sector,Postal code PC544: #REF! Delivery Route,,Address AD532: Cell Without a Home,,Excel Is Not A Database Ltd 890,2016
549754,Country CT10: Land of The Final Version,Region RG17: We Will See Later,Island IS5: The Pivot Archipelago,Municipality MU17: Council of Last Minute Edits,City CY196: Pivot Table Hills,Postal area PA252: Hidden Sheet Sector,Postal code PC543: #REF! Delivery Route,,Address AD531: Cell Without a Home,,Excel Is Not A Database Ltd 941,2016
861716,Country CT10: Land of The Final Version,Region RG17: We Will See Later,Island IS5: The Pivot Archipelago,Municipality MU17: Council of Last Minute Edits,City CY194: PowerPoint New Hills,Postal area PA252: Hidden Sheet Sector,Postal code PC542: #REF! Delivery Route,,Address AD529: Cell Without a Home,,Excel Is Not A Database Ltd 858,2018
501787,Country CT10: Land of The Final Version,Region RG17: We Will See Later,Island IS5: The Pivot Archipelago,Municipality MU17: Council of Last Minute Edits,City CY194: PowerPoint New Hills,Postal area PA252: Hidden Sheet Sector,Postal code PC541: #REF! Delivery Route,Street ST189: Broken Formula Walk,Address AD525: Cell Without a Home,,Excel Is Not A Database Ltd 721,2018
762390,Country CT10: Land of The Final Version,Region RG17: We Will See Later,Island IS5: The Pivot Archipelago,Municipality MU17: Council of Last Minute Edits,City CY196: Pivot Table Hills,Postal area PA252: Hidden Sheet Sector,Postal code PC540: #REF! Delivery Route,,Address AD554: Cell Without a Home,,Excel Is Not A Database Ltd 1138,2024
248523,Country CT10: Land of The Final Version,Region RG17: We Will See Later,Island IS5: The Pivot Archipelago,Municipality MU17: Council of Last Minute Edits,City CY196: Pivot Table Hills,Postal area PA252: Hidden Sheet Sector,Postal code PC540: #REF! Delivery Route,,Address AD552: Cell Without a Home,,Excel Is Not A Database Ltd 456,2016
942149,Country CT10: Land of The Final Version,Region RG17: We Will See Later,Island IS5: The Pivot Archipelago,Municipality MU17: Council of Last Minute Edits,City CY194: PowerPoint New Hills,Postal area PA252: Hidden Sheet Sector,Postal code PC540: #REF! Delivery Route,,Address AD523: Cell Without a Home,,Excel Is Not A Database Ltd 450,2015
992356,Country CT10: Land of The Final Version,Region RG17: We Will See Later,Island IS5: The Pivot Archipelago,Municipality MU17: Council of Last Minute Edits,City CY194: PowerPoint New Hills,Postal area PA252: Hidden Sheet Sector,Postal code PC540: #REF! Delivery Route,,Address AD555: Cell Without a Home,,Excel Is Not A Database Ltd 972,2015
147709,Country CT10: Land of The Final Version,Region RG17: We Will See Later,Island IS5: The Pivot Archipelago,Municipality MU17: Council of Last Minute Edits,,Postal area PA252: Hidden Sheet Sector,Postal code PC539: #REF! Delivery Route,Street ST196: Pivot Table Drive,Address AD545: Cell Without a Home,,Excel Is Not A Database Ltd 866,2015
860416,Country CT10: Land of The Final Version,Region RG17: We Will See Later,Island IS5: The Pivot Archipelago,Municipality MU17: Council of Last Minute Edits,City CY196: Pivot Table Hills,Postal area PA252: Hidden Sheet Sector,Postal code PC539: #REF! Delivery Route,,Address AD551: Cell Without a Home,,Excel Is Not A Database Ltd 990,2015
323406,Country CT10: Land of The Final Version,Region RG17: We Will See Later,Island IS5: The Pivot Archipelago,Municipality MU17: Council of Last Minute Edits,City CY195: VLOOKUP Hills,Postal area PA252: Hidden Sheet Sector,Postal code PC538: #REF! Delivery Route,,Address AD527: Cell Without a Home,,Excel Is Not A Database Ltd 18,2015
306522,Country CT10: Land of The Final Version,Region RG17: We Will See Later,Island IS5: The Pivot Archipelago,Municipality MU17: Council of Last Minute Edits,City CY194: PowerPoint New Hills,Postal area PA252: Hidden Sheet Sector,Postal code PC537: #REF! Delivery Route,,Address AD524: Cell Without a Home,,Excel Is Not A Database Ltd 865,2020
957583,Country CT10: Land of The Final Version,Region RG17: We Will See Later,Island IS5: The Pivot Archipelago,Municipality MU17: Council of Last Minute Edits,,Postal area PA252: Hidden Sheet Sector,Postal code PC536: #REF! Delivery Route,,Address AD548: Cell Without a Home,,Excel Is Not A Database Ltd 509,2019
570166,Country CT10: Land of The Final Version,Region RG17: We Will See Later,Island IS5: The Pivot Archipelago,Municipality MU17: Council of Last Minute Edits,City CY194: PowerPoint New Hills,Postal area PA252: Hidden Sheet Sector,,Street ST195: VLOOKUP Drive,Address AD530: Cell Without a Home,,Excel Is Not A Database Ltd 74,2017
501113,Country CT10: Land of The Final Version,Region RG17: We Will See Later,Island IS5: The Pivot Archipelago,Municipality MU17: Council of Last Minute Edits,City CY194: PowerPoint New Hills,Postal area PA252: Hidden Sheet Sector,,Street ST189: Broken Formula Walk,Address AD526: Cell Without a Home,,Excel Is Not A Database Ltd 489,2015
777527,Country CT10: Land of The Final Version,Region RG17: We Will See Later,Island IS5: The Pivot Archipelago,Municipality MU17: Council of Last Minute Edits,City CY194: PowerPoint New Hills,Postal area PA252: Hidden Sheet Sector,,Street ST192: Last Save Walk,Address AD539: Cell Without a Home,,Excel Is Not A Database Ltd 477,2015
721647,Country CT10: Land of The Final Version,Region RG17: We Will See Later,Island IS5: The Pivot Archipelago,Municipality MU17: Council of Last Minute Edits,,Postal area PA252: Hidden Sheet Sector,,Street ST196: Pivot Table Drive,Address AD544: Cell Without a Home,,Excel Is Not A Database Ltd 103,2015
269234,Country CT10: Land of The Final Version,Region RG17: We Will See Later,Island IS8: The Pivot Archipelago,Municipality MU11: Council of Last Minute Edits,City CY150: Final Final Bay,,,Street ST141: Broken Formula Court,Address AD390: Cell Without a Home,,Excel Is Not A Database Ltd 907,2017
395717,Country CT10: Land of The Final Version,Region RG17: We Will See Later,Island IS7: The Pivot Archipelago,Municipality MU4: Council of Last Minute Edits,,Postal area PA251: Hidden Sheet Sector,Postal code PC535: #REF! Delivery Route,Street ST53: Ctrl Z Avenue,Address AD202: Cell Without a Home,,Excel Is Not A Database Ltd 68,2023
227428,Country CT10: Land of The Final Version,Region RG17: We Will See Later,Island IS7: The Pivot Archipelago,Municipality MU4: Council of Last Minute Edits,City CY79: Hidden Sheet Vale,Postal area PA251: Hidden Sheet Sector,Postal code PC534: #REF! Delivery Route,Street ST59: AutoFill Avenue,Address AD211: Cell Without a Home,,Excel Is Not A Database Ltd 647,2023
821421,Country CT10: Land of The Final Version,Region RG17: We Will See Later,Island IS7: The Pivot Archipelago,Municipality MU4: Council of Last Minute Edits,City CY84: Frozen Pane Vale,Postal area PA251: Hidden Sheet Sector,Postal code PC534: #REF! Delivery Route,Street ST54: Final Final Avenue,Address AD203: Cell Without a Home,,Excel Is Not A Database Ltd 577,2018
400600,Country CT10: Land of The Final Version,Region RG17: We Will See Later,Island IS7: The Pivot Archipelago,Municipality MU4: Council of Last Minute Edits,City CY81: Missing Cell Vale,Postal area PA251: Hidden Sheet Sector,Postal code PC534: #REF! Delivery Route,Street ST59: AutoFill Avenue,Address AD209: Cell Without a Home,,Excel Is Not A Database Ltd 353,2016
446376,Country CT10: Land of The Final Version,Region RG17: We Will See Later,Island IS7: The Pivot Archipelago,Municipality MU4: Council of Last Minute Edits,City CY81: Missing Cell Vale,Postal area PA251: Hidden Sheet Sector,Postal code PC533: #REF! Delivery Route,,Address AD199: Cell Without a Home,,Excel Is Not A Database Ltd 308,2015
711054,Country CT10: Land of The Final Version,Region RG17: We Will See Later,Island IS7: The Pivot Archipelago,Municipality MU4: Council of Last Minute Edits,City CY80: Circular Reference Vale,Postal area PA251: Hidden Sheet Sector,Postal code PC533: #REF! Delivery Route,,Address AD204: Cell Without a Home,,Excel Is Not A Database Ltd 605,2015
613781,Country CT10: Land of The Final Version,Region RG17: We Will See Later,Island IS7: The Pivot Archipelago,Municipality MU4: Council of Last Minute Edits,City CY84: Frozen Pane Vale,Postal area PA251: Hidden Sheet Sector,Postal code PC532: #REF! Delivery Route,,Address AD197: Cell Without a Home,,Excel Is Not A Database Ltd 382,2018
697676,Country CT10: Land of The Final Version,Region RG17: We Will See Later,Island IS7: The Pivot Archipelago,Municipality MU4: Council of Last Minute Edits,,Postal area PA251: Hidden Sheet Sector,Postal code PC531: #REF! Delivery Route,Street ST60: Frozen Pane Avenue,Address AD212: Cell Without a Home,,Excel Is Not A Database Ltd 242,2015
233564,Country CT10: Land of The Final Version,Region RG17: We Will See Later,Island IS7: The Pivot Archipelago,Municipality MU4: Council of Last Minute Edits,City CY85: Conditional Format Vale,Postal area PA251: Hidden Sheet Sector,Postal code PC530: #REF! Delivery Route,Street ST57: Missing Cell Avenue,Address AD207: Cell Without a Home,,Excel Is Not A Database Ltd 1109,2015
800674,Country CT10: Land of The Final Version,Region RG17: We Will See Later,Island IS7: The Pivot Archipelago,Municipality MU4: Council of Last Minute Edits,,Postal area PA251: Hidden Sheet Sector,Postal code PC529: #REF! Delivery Route,Street ST56: Circular Reference Avenue,Address AD206: Cell Without a Home,,Excel Is Not A Database Ltd 532,2016
844906,Country CT10: Land of The Final Version,Region RG17: We Will See Later,Island IS7: The Pivot Archipelago,Municipality MU4: Council of Last Minute Edits,City CY84: Frozen Pane Vale,Postal area PA251: Hidden Sheet Sector,Postal code PC528: #REF! Delivery Route,Street ST58: Unsorted Avenue,Address AD208: Cell Without a Home,,Excel Is Not A Database Ltd 462,2019
849884,Country CT10: Land of The Final Version,Region RG17: We Will See Later,Island IS7: The Pivot Archipelago,Municipality MU4: Council of Last Minute Edits,,Postal area PA251: Hidden Sheet Sector,Postal code PC527: #REF! Delivery Route,Street ST55: Hidden Sheet Avenue,Address AD205: Cell Without a Home,,Excel Is Not A Database Ltd 808,2015
352966,Country CT10: Land of The Final Version,Region RG17: We Will See Later,Island IS7: The Pivot Archipelago,Municipality MU4: Council of Last Minute Edits,,Postal area PA251: Hidden Sheet Sector,Postal code PC526: #REF! Delivery Route,Street ST52: Pivot Table Avenue,Address AD201: Cell Without a Home,,Excel Is Not A Database Ltd 454,2015
214701,Country CT10: Land of The Final Version,Region RG17: We Will See Later,Island IS7: The Pivot Archipelago,Municipality MU4: Council of Last Minute Edits,City CY83: AutoFill Vale,Postal area PA251: Hidden Sheet Sector,Postal code PC525: #REF! Delivery Route,Street ST51: VLOOKUP Avenue,Address AD196: Cell Without a Home,,Excel Is Not A Database Ltd 270,2019
527626,Country CT10: Land of The Final Version,Region RG17: We Will See Later,Island IS7: The Pivot Archipelago,Municipality MU4: Council of Last Minute Edits,,Postal area PA251: Hidden Sheet Sector,,Street ST52: Pivot Table Avenue,Address AD200: Cell Without a Home,,Excel Is Not A Database Ltd 1008,2015
962152,Country CT10: Land of The Final Version,Region RG17: We Will See Later,Island IS7: The Pivot Archipelago,Municipality MU4: Council of Last Minute Edits,City CY80: Circular Reference Vale,Postal area PA251: Hidden Sheet Sector,,Street ST59: AutoFill Avenue,Address AD210: Cell Without a Home,,Excel Is Not A Database Ltd 352,2015
544665,Country CT10: Land of The Final Version,Region RG17: We Will See Later,Island IS7: The Pivot Archipelago,Municipality MU4: Council of Last Minute Edits,City CY82: Unsorted Vale,Postal area PA251: Hidden Sheet Sector,,,Address AD198: Cell Without a Home,,Excel Is Not A Database Ltd 1103,2015
351163,Country CT10: Land of The Final Version,Region RG17: We Will See Later,Island IS7: The Pivot Archipelago,Municipality MU9: Council of Last Minute Edits,City CY130: Unsorted Crossing,Postal area PA250: Hidden Sheet Sector,Postal code PC524: #REF! Delivery Route,,Address AD342: Cell Without a Home,,Excel Is Not A Database Ltd 1041,2019
352517,Country CT10: Land of The Final Version,Region RG17: We Will See Later,Island IS7: The Pivot Archipelago,Municipality MU9: Council of Last Minute Edits,,Postal area PA250: Hidden Sheet Sector,Postal code PC523: #REF! Delivery Route,,Address AD343: Cell Without a Home,,Excel Is Not A Database Ltd 629,2015
928271,Country CT10: Land of The Final Version,Region RG17: We Will See Later,Island IS7: The Pivot Archipelago,Municipality MU9: Council of Last Minute Edits,,Postal area PA250: Hidden Sheet Sector,Postal code PC522: #REF! Delivery Route,Street ST117: Broken Formula Crescent,Address AD344: Cell Without a Home,,Excel Is Not A Database Ltd 262,2021
216377,Country CT10: Land of The Final Version,Region RG17: We Will See Later,Island IS7: The Pivot Archipelago,Municipality MU9: Council of Last Minute Edits,,Postal area PA250: Hidden Sheet Sector,Postal code PC521: #REF! Delivery Route,,Address AD341: Cell Without a Home,,Excel Is Not A Database Ltd 883,2022
856638,Country CT10: Land of The Final Version,Region RG17: We Will See Later,Island IS7: The Pivot Archipelago,Municipality MU9: Council of Last Minute Edits,,Postal area PA249: Hidden Sheet Sector,Postal code PC520: #REF! Delivery Route,,Address AD336: Cell Without a Home,,Excel Is Not A Database Ltd 492,2015
194684,Country CT10: Land of The Final Version,Region RG17: We Will See Later,Island IS7: The Pivot Archipelago,Municipality MU9: Council of Last Minute Edits,,Postal area PA249: Hidden Sheet Sector,Postal code PC519: #REF! Delivery Route,,Address AD331: Cell Without a Home,,Excel Is Not A Database Ltd 547,2015
140383,Country CT10: Land of The Final Version,Region RG17: We Will See Later,Island IS7: The Pivot Archipelago,Municipality MU9: Council of Last Minute Edits,City CY134: Relative Reference Crossing,Postal area PA249: Hidden Sheet Sector,Postal code PC518: #REF! Delivery Route,,Address AD339: Cell Without a Home,,Excel Is Not A Database Ltd 979,2024
588088,Country CT10: Land of The Final Version,Region RG17: We Will See Later,Island IS7: The Pivot Archipelago,Municipality MU9: Council of Last Minute Edits,City CY133: Conditional Format Crossing,Postal area PA249: Hidden Sheet Sector,Postal code PC518: #REF! Delivery Route,Street ST116: Filtered View Crescent,Address AD338: Cell Without a Home,,Excel Is Not A Database Ltd 460,2024
939092,Country CT10: Land of The Final Version,Region RG17: We Will See Later,Island IS7: The Pivot Archipelago,Municipality MU9: Council of Last Minute Edits,City CY126: Final Final Crossing,Postal area PA249: Hidden Sheet Sector,Postal code PC517: #REF! Delivery Route,,Address AD337: Cell Without a Home,,Excel Is Not A Database Ltd 900,2023
987601,Country CT10: Land of The Final Version,Region RG17: We Will See Later,Island IS7: The Pivot Archipelago,Municipality MU9: Council of Last Minute Edits,,Postal area PA249: Hidden Sheet Sector,Postal code PC516: #REF! Delivery Route,Street ST113: Null Value Crescent,Address AD330: Cell Without a Home,,Excel Is Not A Database Ltd 1099,2022
729649,Country CT10: Land of The Final Version,Region RG17: We Will See Later,Island IS7: The Pivot Archipelago,Municipality MU9: Council of Last Minute Edits,,Postal area PA249: Hidden Sheet Sector,Postal code PC515: #REF! Delivery Route,,Address AD329: Cell Without a Home,,Excel Is Not A Database Ltd 836,2018
845936,Country CT10: Land of The Final Version,Region RG17: We Will See Later,Island IS7: The Pivot Archipelago,Municipality MU9: Council of Last Minute Edits,City CY123: VLOOKUP Crossing,Postal area PA249: Hidden Sheet Sector,Postal code PC514: #REF! Delivery Route,Street ST114: Duplicate Row Crescent,Address AD332: Cell Without a Home,,Excel Is Not A Database Ltd 616,2015
497930,Country CT10: Land of The Final Version,Region RG17: We Will See Later,Island IS7: The Pivot Archipelago,Municipality MU9: Council of Last Minute Edits,,Postal area PA249: Hidden Sheet Sector,Postal code PC513: #REF! Delivery Route,Street ST115: Merged Cell Crescent,Address AD340: Cell Without a Home,,Excel Is Not A Database Ltd 981,2015
820184,Country CT10: Land of The Final Version,Region RG17: We Will See Later,Island IS7: The Pivot Archipelago,Municipality MU9: Council of Last Minute Edits,City CY136: Nested IF Crossing,Postal area PA249: Hidden Sheet Sector,Postal code PC512: #REF! Delivery Route,,Address AD334: Cell Without a Home,,Excel Is Not A Database Ltd 797,2015
801518,Country CT10: Land of The Final Version,Region RG17: We Will See Later,Island IS7: The Pivot Archipelago,Municipality MU9: Council of Last Minute Edits,,Postal area PA249: Hidden Sheet Sector,,,Address AD335: Cell Without a Home,,Excel Is Not A Database Ltd 685,2015
805307,Country CT10: Land of The Final Version,Region RG17: We Will See Later,Island IS7: The Pivot Archipelago,Municipality MU9: Council of Last Minute Edits,,Postal area PA249: Hidden Sheet Sector,,,Address AD333: Cell Without a Home,,Excel Is Not A Database Ltd 767,2015
401765,Country CT10: Land of The Final Version,Region RG17: We Will See Later,Island IS7: The Pivot Archipelago,Municipality MU9: Council of Last Minute Edits,,Postal area PA248: Hidden Sheet Sector,,,Address AD328: Cell Without a Home,,Excel Is Not A Database Ltd 793,2015
540086,Country CT10: Land of The Final Version,Region RG17: We Will See Later,Island IS7: The Pivot Archipelago,Municipality MU9: Council of Last Minute Edits,City CY132: Frozen Pane Crossing,Postal area PA247: Hidden Sheet Sector,Postal code PC511: #REF! Delivery Route,Street ST99: VLOOKUP Crescent,Address AD317: Cell Without a Home,,Excel Is Not A Database Ltd 22,2015
184652,Country CT10: Land of The Final Version,Region RG17: We Will See Later,Island IS7: The Pivot Archipelago,Municipality MU9: Council of Last Minute Edits,City CY129: Missing Cell Crossing,Postal area PA247: Hidden Sheet Sector,Postal code PC510: #REF! Delivery Route,Street ST100: Pivot Table Crescent,Address AD318: Cell Without a Home,,Excel Is Not A Database Ltd 847,2024
543949,Country CT10: Land of The Final Version,Region RG17: We Will See Later,Island IS7: The Pivot Archipelago,Municipality MU9: Council of Last Minute Edits,City CY128: Circular Reference Crossing,Postal area PA247: Hidden Sheet Sector,Postal code PC509: #REF! Delivery Route,Street ST98: PowerPoint New Crescent,Address AD307: Cell Without a Home,,Excel Is Not A Database Ltd 706,2015
856240,Country CT10: Land of The Final Version,Region RG17: We Will See Later,Island IS7: The Pivot Archipelago,Municipality MU9: Council of Last Minute Edits,City CY137: Null Value Crossing,Postal area PA247: Hidden Sheet Sector,Postal code PC509: #REF! Delivery Route,Street ST98: PowerPoint New Crescent,Address AD305: Cell Without a Home,,Excel Is Not A Database Ltd 1065,2016
264090,Country CT10: Land of The Final Version,Region RG17: We Will See Later,Island IS7: The Pivot Archipelago,Municipality MU9: Council of Last Minute Edits,City CY130: Unsorted Crossing,Postal area PA247: Hidden Sheet Sector,Postal code PC508: #REF! Delivery Route,,Address AD315: Cell Without a Home,,Excel Is Not A Database Ltd 202,2019
898116,Country CT10: Land of The Final Version,Region RG17: We Will See Later,Island IS7: The Pivot Archipelago,Municipality MU9: Council of Last Minute Edits,City CY130: Unsorted Crossing,Postal area PA247: Hidden Sheet Sector,Postal code PC508: #REF! Delivery Route,,Address AD316: Cell Without a Home,,Excel Is Not A Database Ltd 201,2018
175924,Country CT10: Land of The Final Version,Region RG17: We Will See Later,Island IS7: The Pivot Archipelago,Municipality MU9: Council of Last Minute Edits,City CY130: Unsorted Crossing,Postal area PA247: Hidden Sheet Sector,Postal code PC508: #REF! Delivery Route,Street ST98: PowerPoint New Crescent,Address AD306: Cell Without a Home,,Excel Is Not A Database Ltd 117,2018
912412,Country CT10: Land of The Final Version,Region RG17: We Will See Later,Island IS7: The Pivot Archipelago,Municipality MU9: Council of Last Minute Edits,,Postal area PA247: Hidden Sheet Sector,Postal code PC507: #REF! Delivery Route,,Address AD297: Cell Without a Home,,Excel Is Not A Database Ltd 261,2021
991234,Country CT10: Land of The Final Version,Region RG17: We Will See Later,Island IS7: The Pivot Archipelago,Municipality MU9: Council of Last Minute Edits,City CY126: Final Final Crossing,Postal area PA247: Hidden Sheet Sector,Postal code PC506: #REF! Delivery Route,,Address AD311: Cell Without a Home,,Excel Is Not A Database Ltd 459,2020
236934,Country CT10: Land of The Final Version,Region RG17: We Will See Later,Island IS7: The Pivot Archipelago,Municipality MU9: Council of Last Minute Edits,City CY126: Final Final Crossing,Postal area PA247: Hidden Sheet Sector,Postal code PC505: #REF! Delivery Route,Street ST102: Final Final Crescent,Address AD320: Cell Without a Home,,Excel Is Not A Database Ltd 185,2015
909690,Country CT10: Land of The Final Version,Region RG17: We Will See Later,Island IS7: The Pivot Archipelago,Municipality MU9: Council of Last Minute Edits,City CY130: Unsorted Crossing,Postal area PA247: Hidden Sheet Sector,Postal code PC504: #REF! Delivery Route,Street ST112: Nested IF Crescent,Address AD327: Cell Without a Home,,Excel Is Not A Database Ltd 709,2015
952237,Country CT10: Land of The Final Version,Region RG17: We Will See Later,Island IS7: The Pivot Archipelago,Municipality MU9: Council of Last Minute Edits,City CY131: AutoFill Crossing,Postal area PA247: Hidden Sheet Sector,Postal code PC503: #REF! Delivery Route,,Address AD309: Cell Without a Home,,Excel Is Not A Database Ltd 193,2021
475976,Country CT10: Land of The Final Version,Region RG17: We Will See Later,Island IS7: The Pivot Archipelago,Municipality MU9: Council of Last Minute Edits,City CY122: PowerPoint New Crossing,Postal area PA247: Hidden Sheet Sector,Postal code PC502: #REF! Delivery Route,,Address AD301: Cell Without a Home,,Excel Is Not A Database Ltd 133,2019
513658,Country CT10: Land of The Final Version,Region RG17: We Will See Later,Island IS7: The Pivot Archipelago,Municipality MU9: Council of Last Minute Edits,City CY126: Final Final Crossing,Postal area PA247: Hidden Sheet Sector,Postal code PC501: #REF! Delivery Route,,Address AD313: Cell Without a Home,,Excel Is Not A Database Ltd 30,2015
279654,Country CT10: Land of The Final Version,Region RG17: We Will See Later,Island IS7: The Pivot Archipelago,Municipality MU9: Council of Last Minute Edits,,Postal area PA247: Hidden Sheet Sector,Postal code PC500: #REF! Delivery Route,Street ST105: Missing Cell Crescent,Address AD310: Cell Without a Home,,Excel Is Not A Database Ltd 528,2022
724986,Country CT10: Land of The Final Version,Region RG17: We Will See Later,Island IS7: The Pivot Archipelago,Municipality MU9: Council of Last Minute Edits,City CY126: Final Final Crossing,Postal area PA247: Hidden Sheet Sector,Postal code PC499: #REF! Delivery Route,Street ST101: Ctrl Z Crescent,Address AD319: Cell Without a Home,,Excel Is Not A Database Ltd 431,2015
865170,Country CT10: Land of The Final Version,Region RG17: We Will See Later,Island IS7: The Pivot Archipelago,Municipality MU9: Council of Last Minute Edits,,Postal area PA247: Hidden Sheet Sector,Postal code PC498: #REF! Delivery Route,Street ST95: Spill Error Road,Address AD303: Cell Without a Home,,Excel Is Not A Database Ltd 1131,2016
789281,Country CT10: Land of The Final Version,Region RG17: We Will See Later,Island IS7: The Pivot Archipelago,Municipality MU9: Council of Last Minute Edits,,Postal area PA247: Hidden Sheet Sector,Postal code PC497: #REF! Delivery Route,Street ST111: Absolute Reference Crescent,Address AD326: Cell Without a Home,,Excel Is Not A Database Ltd 147,2025
206927,Country CT10: Land of The Final Version,Region RG17: We Will See Later,Island IS7: The Pivot Archipelago,Municipality MU9: Council of Last Minute Edits,City CY130: Unsorted Crossing,Postal area PA247: Hidden Sheet Sector,Postal code PC496: #REF! Delivery Route,Street ST110: Relative Reference Crescent,Address AD312: Cell Without a Home,,Excel Is Not A Database Ltd 204,2015
858750,Country CT10: Land of The Final Version,Region RG17: We Will See Later,Island IS7: The Pivot Archipelago,Municipality MU9: Council of Last Minute Edits,City CY126: Final Final Crossing,Postal area PA247: Hidden Sheet Sector,Postal code PC495: #REF! Delivery Route,,Address AD300: Cell Without a Home,,Excel Is Not A Database Ltd 1,2023
934151,Country CT10: Land of The Final Version,Region RG17: We Will See Later,Island IS7: The Pivot Archipelago,Municipality MU9: Council of Last Minute Edits,,Postal area PA247: Hidden Sheet Sector,Postal code PC495: #REF! Delivery Route,,Address AD294: Cell Without a Home,,Excel Is Not A Database Ltd 741,2017
181367,Country CT10: Land of The Final Version,Region RG17: We Will See Later,Island IS7: The Pivot Archipelago,Municipality MU9: Council of Last Minute Edits,City CY135: Absolute Reference Crossing,Postal area PA247: Hidden Sheet Sector,Postal code PC494: #REF! Delivery Route,Street ST107: AutoFill Crescent,Address AD324: Cell Without a Home,,Excel Is Not A Database Ltd 463,2017
476488,Country CT10: Land of The Final Version,Region RG17: We Will See Later,Island IS7: The Pivot Archipelago,Municipality MU9: Council of Last Minute Edits,,Postal area PA247: Hidden Sheet Sector,Postal code PC493: #REF! Delivery Route,Street ST103: Hidden Sheet Crescent,Address AD321: Cell Without a Home,,Excel Is Not A Database Ltd 671,2018
466120,Country CT10: Land of The Final Version,Region RG17: We Will See Later,Island IS7: The Pivot Archipelago,Municipality MU9: Council of Last Minute Edits,,Postal area PA247: Hidden Sheet Sector,Postal code PC492: #REF! Delivery Route,Street ST96: Last Save Road,Address AD308: Cell Without a Home,,Excel Is Not A Database Ltd 970,2017
236216,Country CT10: Land of The Final Version,Region RG17: We Will See Later,Island IS7: The Pivot Archipelago,Municipality MU9: Council of Last Minute Edits,,Postal area PA247: Hidden Sheet Sector,Postal code PC491: #REF! Delivery Route,Street ST93: Broken Formula Road,Address AD295: Cell Without a Home,,Excel Is Not A Database Ltd 525,2018
816330,Country CT10: Land of The Final Version,Region RG17: We Will See Later,Island IS7: The Pivot Archipelago,Municipality MU9: Council of Last Minute Edits,City CY125: Ctrl Z Crossing,Postal area PA247: Hidden Sheet Sector,Postal code PC490: #REF! Delivery Route,,Address AD298: Cell Without a Home,,Excel Is Not A Database Ltd 162,2017
869254,Country CT10: Land of The Final Version,Region RG17: We Will See Later,Island IS7: The Pivot Archipelago,Municipality MU9: Council of Last Minute Edits,City CY127: Hidden Sheet Crossing,Postal area PA247: Hidden Sheet Sector,Postal code PC489: #REF! Delivery Route,Street ST94: Cached Result Road,Address AD296: Cell Without a Home,,Excel Is Not A Database Ltd 151,2015
931687,Country CT10: Land of The Final Version,Region RG17: We Will See Later,Island IS7: The Pivot Archipelago,Municipality MU9: Council of Last Minute Edits,City CY126: Final Final Crossing,Postal area PA247: Hidden Sheet Sector,Postal code PC488: #REF! Delivery Route,Street ST108: Frozen Pane Crescent,Address AD325: Cell Without a Home,,Excel Is Not A Database Ltd 1049,2016
692934,Country CT10: Land of The Final Version,Region RG17: We Will See Later,Island IS7: The Pivot Archipelago,Municipality MU9: Council of Last Minute Edits,,Postal area PA247: Hidden Sheet Sector,Postal code PC487: #REF! Delivery Route,Street ST106: Unsorted Crescent,Address AD323: Cell Without a Home,,Excel Is Not A Database Ltd 288,2015
686483,Country CT10: Land of The Final Version,Region RG17: We Will See Later,Island IS7: The Pivot Archipelago,Municipality MU9: Council of Last Minute Edits,,Postal area PA247: Hidden Sheet Sector,Postal code PC486: #REF! Delivery Route,Street ST97: Where-less Query Crescent,Address AD304: Cell Without a Home,,Excel Is Not A Database Ltd 516,2015
238071,Country CT10: Land of The Final Version,Region RG17: We Will See Later,Island IS7: The Pivot Archipelago,Municipality MU9: Council of Last Minute Edits,City CY126: Final Final Crossing,Postal area PA247: Hidden Sheet Sector,Postal code PC486: #REF! Delivery Route,,Address AD302: Cell Without a Home,,Excel Is Not A Database Ltd 884,2017
931794,Country CT10: Land of The Final Version,Region RG17: We Will See Later,Island IS7: The Pivot Archipelago,Municipality MU9: Council of Last Minute Edits,,Postal area PA247: Hidden Sheet Sector,,Street ST104: Circular Reference Crescent,Address AD322: Cell Without a Home,,Excel Is Not A Database Ltd 666,2015
750073,Country CT10: Land of The Final Version,Region RG17: We Will See Later,Island IS7: The Pivot Archipelago,Municipality MU9: Council of Last Minute Edits,City CY124: Pivot Table Crossing,Postal area PA247: Hidden Sheet Sector,,Street ST109: Conditional Format Crescent,Address AD314: Cell Without a Home,,Excel Is Not A Database Ltd 76,2015
598169,Country CT10: Land of The Final Version,Region RG17: We Will See Later,Island IS7: The Pivot Archipelago,Municipality MU9: Council of Last Minute Edits,,Postal area PA247: Hidden Sheet Sector,,,Address AD299: Cell Without a Home,,Excel Is Not A Database Ltd 821,2015
641309,Country CT10: Land of The Final Version,Region RG29: We Will See Later,Island IS10: The Pivot Archipelago,Municipality MU124: Council of Last Minute Edits,City CY339: VLOOKUP Ridge,Postal area PA246: Hidden Sheet Sector,Postal code PC485: #REF! Delivery Route,Street ST365: Ctrl Z Mews,Address AD880: Cell Without a Home,,Excel Is Not A Database Ltd 901,2020
470554,Country CT10: Land of The Final Version,Region RG29: We Will See Later,Island IS10: The Pivot Archipelago,Municipality MU124: Council of Last Minute Edits,City CY340: Pivot Table Ridge,Postal area PA245: Hidden Sheet Sector,Postal code PC484: #REF! Delivery Route,Street ST363: VLOOKUP Mews,Address AD878: Cell Without a Home,,Excel Is Not A Database Ltd 563,2025
488581,Country CT10: Land of The Final Version,Region RG29: We Will See Later,Island IS10: The Pivot Archipelago,Municipality MU124: Council of Last Minute Edits,,Postal area PA245: Hidden Sheet Sector,,Street ST364: Pivot Table Mews,Address AD879: Cell Without a Home,,Excel Is Not A Database Ltd 731,2015
233285,Country CT10: Land of The Final Version,Region RG29: We Will See Later,Island IS9: The Pivot Archipelago,Municipality MU125: Council of Last Minute Edits,City CY342: Final Final Ridge,Postal area PA244: Hidden Sheet Sector,Postal code PC483: #REF! Delivery Route,Street ST366: Final Final Mews,Address AD883: Cell Without a Home,,Excel Is Not A Database Ltd 244,2020
195742,Country CT10: Land of The Final Version,Region RG29: We Will See Later,Island IS9: The Pivot Archipelago,Municipality MU125: Council of Last Minute Edits,City CY342: Final Final Ridge,Postal area PA244: Hidden Sheet Sector,Postal code PC482: #REF! Delivery Route,Street ST367: Hidden Sheet Mews,Address AD884: Cell Without a Home,,Excel Is Not A Database Ltd 982,2018
430570,Country CT10: Land of The Final Version,Region RG29: We Will See Later,Island IS9: The Pivot Archipelago,Municipality MU125: Council of Last Minute Edits,City CY341: Ctrl Z Ridge,Postal area PA244: Hidden Sheet Sector,Postal code PC481: #REF! Delivery Route,,Address AD882: Cell Without a Home,,Excel Is Not A Database Ltd 437,2017
169871,Country CT10: Land of The Final Version,Region RG29: We Will See Later,Island IS9: The Pivot Archipelago,Municipality MU125: Council of Last Minute Edits,City CY343: Hidden Sheet Ridge,Postal area PA244: Hidden Sheet Sector,,,Address AD881: Cell Without a Home,,Excel Is Not A Database Ltd 662,2015
481987,Country CT10: Land of The Final Version,Region RG29: We Will See Later,Island IS9: The Pivot Archipelago,Municipality MU128: Council of Last Minute Edits,City CY350: Relative Reference Ridge,Postal area PA243: Hidden Sheet Sector,Postal code PC480: #REF! Delivery Route,,Address AD896: Cell Without a Home,,Excel Is Not A Database Ltd 400,2019
330164,Country CT10: Land of The Final Version,Region RG29: We Will See Later,Island IS9: The Pivot Archipelago,Municipality MU128: Council of Last Minute Edits,City CY351: Absolute Reference Ridge,Postal area PA243: Hidden Sheet Sector,Postal code PC479: #REF! Delivery Route,,Address AD894: Cell Without a Home,,Excel Is Not A Database Ltd 111,2026
336013,Country CT10: Land of The Final Version,Region RG29: We Will See Later,Island IS9: The Pivot Archipelago,Municipality MU128: Council of Last Minute Edits,City CY349: Conditional Format Ridge,Postal area PA243: Hidden Sheet Sector,Postal code PC478: #REF! Delivery Route,Street ST374: Relative Reference Mews,Address AD892: Cell Without a Home,,Excel Is Not A Database Ltd 703,2022
726418,Country CT10: Land of The Final Version,Region RG29: We Will See Later,Island IS9: The Pivot Archipelago,Municipality MU128: Council of Last Minute Edits,City CY350: Relative Reference Ridge,Postal area PA243: Hidden Sheet Sector,Postal code PC478: #REF! Delivery Route,,Address AD893: Cell Without a Home,,Excel Is Not A Database Ltd 916,2015
703433,Country CT10: Land of The Final Version,Region RG29: We Will See Later,Island IS9: The Pivot Archipelago,Municipality MU128: Council of Last Minute Edits,,Postal area PA243: Hidden Sheet Sector,Postal code PC477: #REF! Delivery Route,,Address AD895: Cell Without a Home,,Excel Is Not A Database Ltd 334,2015
408007,Country CT10: Land of The Final Version,Region RG29: We Will See Later,Island IS9: The Pivot Archipelago,Municipality MU127: Council of Last Minute Edits,City CY348: Frozen Pane Ridge,Postal area PA242: Hidden Sheet Sector,Postal code PC476: #REF! Delivery Route,Street ST373: Conditional Format Mews,Address AD891: Cell Without a Home,,Excel Is Not A Database Ltd 283,2015
336925,Country CT10: Land of The Final Version,Region RG29: We Will See Later,Island IS9: The Pivot Archipelago,Municipality MU123: Council of Last Minute Edits,City CY337: Where-less Query Ridge,Postal area PA241: Hidden Sheet Sector,Postal code PC475: #REF! Delivery Route,,Address AD875: Cell Without a Home,,Excel Is Not A Database Ltd 1111,2015
629370,Country CT10: Land of The Final Version,Region RG29: We Will See Later,Island IS9: The Pivot Archipelago,Municipality MU123: Council of Last Minute Edits,City CY338: PowerPoint New Ridge,Postal area PA241: Hidden Sheet Sector,Postal code PC475: #REF! Delivery Route,Street ST362: PowerPoint New Mews,Address AD873: Cell Without a Home,,Excel Is Not A Database Ltd 848,2026
583677,Country CT10: Land of The Final Version,Region RG29: We Will See Later,Island IS9: The Pivot Archipelago,Municipality MU123: Council of Last Minute Edits,City CY335: Spill Error Park,Postal area PA241: Hidden Sheet Sector,Postal code PC475: #REF! Delivery Route,,Address AD872: Cell Without a Home,,Excel Is Not A Database Ltd 631,2023
652651,Country CT10: Land of The Final Version,Region RG29: We Will See Later,Island IS9: The Pivot Archipelago,Municipality MU123: Council of Last Minute Edits,,Postal area PA241: Hidden Sheet Sector,Postal code PC474: #REF! Delivery Route,,Address AD877: Cell Without a Home,,Excel Is Not A Database Ltd 356,2017
152414,Country CT10: Land of The Final Version,Region RG29: We Will See Later,Island IS9: The Pivot Archipelago,Municipality MU123: Council of Last Minute Edits,,Postal area PA241: Hidden Sheet Sector,Postal code PC473: #REF! Delivery Route,,Address AD871: Cell Without a Home,,Excel Is Not A Database Ltd 1124,2015
577576,Country CT10: Land of The Final Version,Region RG29: We Will See Later,Island IS9: The Pivot Archipelago,Municipality MU123: Council of Last Minute Edits,City CY336: Last Save Park,Postal area PA241: Hidden Sheet Sector,,,Address AD874: Cell Without a Home,,Excel Is Not A Database Ltd 427,2015
748801,Country CT10: Land of The Final Version,Region RG29: We Will See Later,Island IS9: The Pivot Archipelago,Municipality MU123: Council of Last Minute Edits,City CY338: PowerPoint New Ridge,Postal area PA241: Hidden Sheet Sector,,,Address AD876: Cell Without a Home,,Excel Is Not A Database Ltd 72,2015
343614,Country CT10: Land of The Final Version,Region RG29: We Will See Later,Island IS9: The Pivot Archipelago,Municipality MU126: Council of Last Minute Edits,City CY347: AutoFill Ridge,Postal area PA240: Hidden Sheet Sector,,Street ST372: Frozen Pane Mews,Address AD890: Cell Without a Home,,Excel Is Not A Database Ltd 457,2015
771538,Country CT10: Land of The Final Version,Region RG29: We Will See Later,Island IS9: The Pivot Archipelago,Municipality MU126: Council of Last Minute Edits,City CY344: Circular Reference Ridge,Postal area PA239: Hidden Sheet Sector,Postal code PC472: #REF! Delivery Route,,Address AD888: Cell Without a Home,,Excel Is Not A Database Ltd 192,2018
963502,Country CT10: Land of The Final Version,Region RG29: We Will See Later,Island IS9: The Pivot Archipelago,Municipality MU126: Council of Last Minute Edits,,Postal area PA239: Hidden Sheet Sector,Postal code PC471: #REF! Delivery Route,Street ST370: Unsorted Mews,Address AD887: Cell Without a Home,,Excel Is Not A Database Ltd 363,2019
552585,Country CT10: Land of The Final Version,Region RG29: We Will See Later,Island IS9: The Pivot Archipelago,Municipality MU126: Council of Last Minute Edits,City CY346: Unsorted Ridge,Postal area PA239: Hidden Sheet Sector,Postal code PC470: #REF! Delivery Route,Street ST371: AutoFill Mews,Address AD889: Cell Without a Home,,Excel Is Not A Database Ltd 36,2019
684277,Country CT10: Land of The Final Version,Region RG29: We Will See Later,Island IS9: The Pivot Archipelago,Municipality MU126: Council of Last Minute Edits,City CY345: Missing Cell Ridge,Postal area PA238: Hidden Sheet Sector,Postal code PC469: #REF! Delivery Route,Street ST368: Circular Reference Mews,Address AD885: Cell Without a Home,,Excel Is Not A Database Ltd 583,2022
226209,Country CT10: Land of The Final Version,Region RG29: We Will See Later,Island IS9: The Pivot Archipelago,Municipality MU126: Council of Last Minute Edits,,Postal area PA238: Hidden Sheet Sector,,Street ST369: Missing Cell Mews,Address AD886: Cell Without a Home,,Excel Is Not A Database Ltd 250,2015
823441,Country CT10: Land of The Final Version,Region RG29: We Will See Later,Island IS9: The Pivot Archipelago,Municipality MU122: Council of Last Minute Edits,,Postal area PA237: Hidden Sheet Sector,Postal code PC468: #REF! Delivery Route,,Address AD869: Cell Without a Home,,Excel Is Not A Database Ltd 268,2018
202325,Country CT10: Land of The Final Version,Region RG29: We Will See Later,Island IS9: The Pivot Archipelago,Municipality MU122: Council of Last Minute Edits,,Postal area PA237: Hidden Sheet Sector,Postal code PC467: #REF! Delivery Route,Street ST361: Where-less Query Mews,Address AD870: Cell Without a Home,,Excel Is Not A Database Ltd 714,2018
549007,Country CT10: Land of The Final Version,Region RG29: We Will See Later,Island IS9: The Pivot Archipelago,Municipality MU122: Council of Last Minute Edits,City CY329: Null Value Park,Postal area PA237: Hidden Sheet Sector,Postal code PC466: #REF! Delivery Route,Street ST360: Last Save Alley,Address AD868: Cell Without a Home,,Excel Is Not A Database Ltd 1062,2015
248877,Country CT10: Land of The Final Version,Region RG29: We Will See Later,Island IS9: The Pivot Archipelago,Municipality MU122: Council of Last Minute Edits,,Postal area PA236: Hidden Sheet Sector,Postal code PC465: #REF! Delivery Route,,Address AD866: Cell Without a Home,,Excel Is Not A Database Ltd 412,2022
962500,Country CT10: Land of The Final Version,Region RG29: We Will See Later,Island IS9: The Pivot Archipelago,Municipality MU122: Council of Last Minute Edits,,Postal area PA236: Hidden Sheet Sector,,Street ST359: Spill Error Alley,Address AD867: Cell Without a Home,,Excel Is Not A Database Ltd 1003,2015
186662,Country CT10: Land of The Final Version,Region RG29: We Will See Later,Island IS9: The Pivot Archipelago,Municipality MU122: Council of Last Minute Edits,,Postal area PA236: Hidden Sheet Sector,,,Address AD865: Cell Without a Home,,Excel Is Not A Database Ltd 672,2015
263198,Country CT10: Land of The Final Version,Region RG29: We Will See Later,Island IS9: The Pivot Archipelago,Municipality MU122: Council of Last Minute Edits,,Postal area PA235: Hidden Sheet Sector,Postal code PC464: #REF! Delivery Route,,Address AD861: Cell Without a Home,,Excel Is Not A Database Ltd 436,2015
161053,Country CT10: Land of The Final Version,Region RG29: We Will See Later,Island IS9: The Pivot Archipelago,Municipality MU122: Council of Last Minute Edits,,Postal area PA235: Hidden Sheet Sector,Postal code PC463: #REF! Delivery Route,Street ST357: Broken Formula Alley,Address AD863: Cell Without a Home,,Excel Is Not A Database Ltd 815,2015
931841,Country CT10: Land of The Final Version,Region RG29: We Will See Later,Island IS9: The Pivot Archipelago,Municipality MU122: Council of Last Minute Edits,,Postal area PA235: Hidden Sheet Sector,Postal code PC462: #REF! Delivery Route,Street ST358: Cached Result Alley,Address AD864: Cell Without a Home,,Excel Is Not A Database Ltd 166,2015
577344,Country CT10: Land of The Final Version,Region RG29: We Will See Later,Island IS9: The Pivot Archipelago,Municipality MU122: Council of Last Minute Edits,,Postal area PA235: Hidden Sheet Sector,Postal code PC461: #REF! Delivery Route,Street ST356: Filtered View Alley,Address AD862: Cell Without a Home,,Excel Is Not A Database Ltd 373,2015
229943,Country CT10: Land of The Final Version,Region RG29: We Will See Later,Island IS9: The Pivot Archipelago,Municipality MU122: Council of Last Minute Edits,City CY328: Nested IF Park,Postal area PA234: Hidden Sheet Sector,Postal code PC460: #REF! Delivery Route,,Address AD857: Cell Without a Home,,Excel Is Not A Database Ltd 149,2017
309223,Country CT10: Land of The Final Version,Region RG29: We Will See Later,Island IS9: The Pivot Archipelago,Municipality MU122: Council of Last Minute Edits,City CY334: Cached Result Park,Postal area PA234: Hidden Sheet Sector,Postal code PC459: #REF! Delivery Route,Street ST354: Duplicate Row Alley,Address AD859: Cell Without a Home,,Excel Is Not A Database Ltd 188,2016
939292,Country CT10: Land of The Final Version,Region RG29: We Will See Later,Island IS9: The Pivot Archipelago,Municipality MU122: Council of Last Minute Edits,City CY333: Broken Formula Park,Postal area PA234: Hidden Sheet Sector,Postal code PC458: #REF! Delivery Route,,Address AD854: Cell Without a Home,,Excel Is Not A Database Ltd 713,2019
157364,Country CT10: Land of The Final Version,Region RG29: We Will See Later,Island IS9: The Pivot Archipelago,Municipality MU122: Council of Last Minute Edits,,Postal area PA234: Hidden Sheet Sector,Postal code PC457: #REF! Delivery Route,Street ST353: Null Value Alley,Address AD858: Cell Without a Home,,Excel Is Not A Database Ltd 408,2015
985400,Country CT10: Land of The Final Version,Region RG29: We Will See Later,Island IS9: The Pivot Archipelago,Municipality MU122: Council of Last Minute Edits,City CY331: Merged Cell Park,Postal area PA234: Hidden Sheet Sector,Postal code PC456: #REF! Delivery Route,,Address AD856: Cell Without a Home,,Excel Is Not A Database Ltd 618,2018
928824,Country CT10: Land of The Final Version,Region RG29: We Will See Later,Island IS9: The Pivot Archipelago,Municipality MU122: Council of Last Minute Edits,City CY330: Duplicate Row Park,Postal area PA234: Hidden Sheet Sector,Postal code PC455: #REF! Delivery Route,Street ST352: Nested IF Alley,Address AD853: Cell Without a Home,,Excel Is Not A Database Ltd 585,2022
490144,Country CT10: Land of The Final Version,Region RG29: We Will See Later,Island IS9: The Pivot Archipelago,Municipality MU122: Council of Last Minute Edits,City CY330: Duplicate Row Park,Postal area PA234: Hidden Sheet Sector,Postal code PC454: #REF! Delivery Route,Street ST355: Merged Cell Alley,Address AD860: Cell Without a Home,,Excel Is Not A Database Ltd 674,2021
282301,Country CT10: Land of The Final Version,Region RG29: We Will See Later,Island IS9: The Pivot Archipelago,Municipality MU122: Council of Last Minute Edits,,Postal area PA234: Hidden Sheet Sector,,,Address AD855: Cell Without a Home,,Excel Is Not A Database Ltd 715,2024
309559,Country CT10: Land of The Final Version,Region RG29: We Will See Later,Island IS9: The Pivot Archipelago,Municipality MU122: Council of Last Minute Edits,City CY332: Filtered View Park,Postal area PA234: Hidden Sheet Sector,,,Address AD852: Cell Without a Home,,Excel Is Not A Database Ltd 317,2015
597482,Country CT10: Land of The Final Version,Region RG29: We Will See Later,Island IS9: The Pivot Archipelago,Municipality MU122: Council of Last Minute Edits,,Postal area PA234: Hidden Sheet Sector,,,Address AD851: Cell Without a Home,,Excel Is Not A Database Ltd 53,2015
314661,Country CT10: Land of The Final Version,Region RG25: We Will See Later,,Municipality MU96: Council of Last Minute Edits,,Postal area PA233: Hidden Sheet Sector,Postal code PC453: #REF! Delivery Route,,Address AD772: Cell Without a Home,,Excel Is Not A Database Ltd 286,2015
136125,Country CT10: Land of The Final Version,Region RG25: We Will See Later,,Municipality MU96: Council of Last Minute Edits,City CY290: PowerPoint New Junction,Postal area PA233: Hidden Sheet Sector,Postal code PC452: #REF! Delivery Route,Street ST306: Duplicate Row Terrace,Address AD771: Cell Without a Home,,Excel Is Not A Database Ltd 738,2015
634043,Country CT10: Land of The Final Version,Region RG25: We Will See Later,,Municipality MU96: Council of Last Minute Edits,City CY291: VLOOKUP Junction,Postal area PA233: Hidden Sheet Sector,Postal code PC451: #REF! Delivery Route,Street ST307: Merged Cell Terrace,Address AD773: Cell Without a Home,,Excel Is Not A Database Ltd 497,2015
814989,Country CT10: Land of The Final Version,Region RG25: We Will See Later,,Municipality MU92: Council of Last Minute Edits,City CY287: Spill Error Falls,Postal area PA232: Hidden Sheet Sector,Postal code PC450: #REF! Delivery Route,Street ST305: Null Value Terrace,Address AD766: Cell Without a Home,,Excel Is Not A Database Ltd 198,2015
788131,Country CT10: Land of The Final Version,Region RG25: We Will See Later,,Municipality MU95: Council of Last Minute Edits,City CY289: Where-less Query Junction,Postal area PA231: Hidden Sheet Sector,Postal code PC449: #REF! Delivery Route,,Address AD770: Cell Without a Home,,Excel Is Not A Database Ltd 796,2026
780820,Country CT10: Land of The Final Version,,,,,Postal area PA231: Hidden Sheet Sector,Postal code PC449: #REF! Delivery Route,Street ST511: Hidden Sheet Quay,Address AD1116: Cell Without a Home,,Excel Is Not A Database Ltd 546,2015
916360,Country CT10: Land of The Final Version,Region RG25: We Will See Later,,Municipality MU90: Council of Last Minute Edits,,Postal area PA230: Hidden Sheet Sector,Postal code PC448: #REF! Delivery Route,,Address AD763: Cell Without a Home,,Excel Is Not A Database Ltd 367,2015
105855,Country CT10: Land of The Final Version,Region RG25: We Will See Later,,Municipality MU93: Council of Last Minute Edits,City CY288: Last Save Falls,Postal area PA229: Hidden Sheet Sector,Postal code PC447: #REF! Delivery Route,,Address AD767: Cell Without a Home,,Excel Is Not A Database Ltd 949,2015
764738,Country CT10: Land of The Final Version,,,,,Postal area PA229: Hidden Sheet Sector,Postal code PC446: #REF! Delivery Route,Street ST510: Final Final Quay,Address AD1115: Cell Without a Home,,Excel Is Not A Database Ltd 613,2015
467866,Country CT10: Land of The Final Version,Region RG25: We Will See Later,,Municipality MU93: Council of Last Minute Edits,,Postal area PA229: Hidden Sheet Sector,Postal code PC445: #REF! Delivery Route,,Address AD768: Cell Without a Home,,Excel Is Not A Database Ltd 640,2023
660784,Country CT10: Land of The Final Version,Region RG25: We Will See Later,,Municipality MU89: Council of Last Minute Edits,City CY286: Cached Result Falls,Postal area PA228: Hidden Sheet Sector,Postal code PC444: #REF! Delivery Route,Street ST303: Absolute Reference Terrace,Address AD761: Cell Without a Home,,Excel Is Not A Database Ltd 1013,2024
355423,Country CT10: Land of The Final Version,,,,,Postal area PA228: Hidden Sheet Sector,Postal code PC443: #REF! Delivery Route,,Address AD1114: Cell Without a Home,,Excel Is Not A Database Ltd 591,2015
769480,Country CT10: Land of The Final Version,,,,,Postal area PA228: Hidden Sheet Sector,Postal code PC442: #REF! Delivery Route,,Address AD1113: Cell Without a Home,,Excel Is Not A Database Ltd 659,2015
182819,Country CT10: Land of The Final Version,Region RG25: We Will See Later,,Municipality MU89: Council of Last Minute Edits,City CY286: Cached Result Falls,Postal area PA228: Hidden Sheet Sector,Postal code PC441: #REF! Delivery Route,,Address AD762: Cell Without a Home,,Excel Is Not A Database Ltd 804,2015
853536,Country CT10: Land of The Final Version,,,,,Postal area PA227: Hidden Sheet Sector,Postal code PC440: #REF! Delivery Route,,Address AD1112: Cell Without a Home,,Excel Is Not A Database Ltd 207,2015
319667,Country CT10: Land of The Final Version,Region RG25: We Will See Later,,Municipality MU94: Council of Last Minute Edits,,Postal area PA227: Hidden Sheet Sector,Postal code PC439: #REF! Delivery Route,,Address AD769: Cell Without a Home,,Excel Is Not A Database Ltd 600,2015
941694,Country CT10: Land of The Final Version,,,,,Postal area PA226: Hidden Sheet Sector,Postal code PC438: #REF! Delivery Route,Street ST509: Ctrl Z Quay,Address AD1111: Cell Without a Home,,Excel Is Not A Database Ltd 1033,2015
761979,Country CT6: Land of The Final Version,,,,City CY33: Missing Cell Borough,,Postal code PC52: #REF! Delivery Route,,Address AD58: Cell Without a Home,,Excel Is Not A Database Ltd 648,2023
849644,Country CT6: Land of The Final Version,Region RG16: We Will See Later,,,City CY32: Circular Reference Borough,,Postal code PC51: #REF! Delivery Route,Street ST6: Final Final Street,Address AD57: Cell Without a Home,,Excel Is Not A Database Ltd 978,2020
133640,Country CT2: Land of The Final Version,Region RG1: We Will See Later,,,City CY1: Where-less Query Town,,Postal code PC2: #REF! Delivery Route,,Address AD2: Cell Without a Home,,Excel Is Not A Database Ltd 998,2020
968953,Country CT10: Land of The Final Version,Region RG25: We Will See Later,,Municipality MU87: Council of Last Minute Edits,City CY285: Broken Formula Falls,Postal area PA225: Hidden Sheet Sector,Postal code PC437: #REF! Delivery Route,Street ST301: Conditional Format Terrace,Address AD759: Cell Without a Home,,Excel Is Not A Database Ltd 197,2015
964790,Country CT10: Land of The Final Version,Region RG25: We Will See Later,,Municipality MU87: Council of Last Minute Edits,,Postal area PA225: Hidden Sheet Sector,Postal code PC436: #REF! Delivery Route,,Address AD757: Cell Without a Home,,Excel Is Not A Database Ltd 587,2015
693951,Country CT10: Land of The Final Version,Region RG25: We Will See Later,,Municipality MU87: Council of Last Minute Edits,,Postal area PA225: Hidden Sheet Sector,Postal code PC435: #REF! Delivery Route,,Address AD758: Cell Without a Home,,Excel Is Not A Database Ltd 33,2015
608137,Country CT10: Land of The Final Version,Region RG25: We Will See Later,,Municipality MU87: Council of Last Minute Edits,,Postal area PA225: Hidden Sheet Sector,Postal code PC434: #REF! Delivery Route,,Address AD756: Cell Without a Home,,Excel Is Not A Database Ltd 305,2015
394578,Country CT10: Land of The Final Version,Region RG25: We Will See Later,,Municipality MU91: Council of Last Minute Edits,,Postal area PA224: Hidden Sheet Sector,Postal code PC433: #REF! Delivery Route,Street ST304: Nested IF Terrace,Address AD765: Cell Without a Home,,Excel Is Not A Database Ltd 343,2015
621111,Country CT10: Land of The Final Version,Region RG25: We Will See Later,,Municipality MU91: Council of Last Minute Edits,,Postal area PA223: Hidden Sheet Sector,Postal code PC432: #REF! Delivery Route,,Address AD764: Cell Without a Home,,Excel Is Not A Database Ltd 14,2025
717242,Country CT7: Land of The Final Version,,,,,,Postal code PC54: #REF! Delivery Route,,Address AD59: Cell Without a Home,,Excel Is Not A Database Ltd 850,2018
590041,Country CT10: Land of The Final Version,Region RG25: We Will See Later,,Municipality MU88: Council of Last Minute Edits,,Postal area PA222: Hidden Sheet Sector,Postal code PC431: #REF! Delivery Route,Street ST302: Relative Reference Terrace,Address AD760: Cell Without a Home,,Excel Is Not A Database Ltd 589,2015
189957,Country CT10: Land of The Final Version,Region RG19: We Will See Later,,Municipality MU46: Council of Last Minute Edits,City CY230: Relative Reference Village,Postal area PA221: Hidden Sheet Sector,Postal code PC430: #REF! Delivery Route,,Address AD646: Cell Without a Home,,Excel Is Not A Database Ltd 574,2015
654321,Country CT10: Land of The Final Version,Region RG19: We Will See Later,,Municipality MU37: Council of Last Minute Edits,City CY222: Final Final Village,Postal area PA220: Hidden Sheet Sector,Postal code PC429: #REF! Delivery Route,,Address AD627: Cell Without a Home,,Excel Is Not A Database Ltd 730,2015
785972,Country CT10: Land of The Final Version,Region RG19: We Will See Later,,Municipality MU40: Council of Last Minute Edits,,Postal area PA219: Hidden Sheet Sector,Postal code PC428: #REF! Delivery Route,Street ST237: Broken Formula Square,Address AD633: Cell Without a Home,,Excel Is Not A Database Ltd 99,2015
806873,Country CT10: Land of The Final Version,Region RG19: We Will See Later,,Municipality MU40: Council of Last Minute Edits,,Postal area PA219: Hidden Sheet Sector,Postal code PC428: #REF! Delivery Route,Street ST237: Broken Formula Square,Address AD632: Cell Without a Home,,Excel Is Not A Database Ltd 993,2024
138105,Country CT10: Land of The Final Version,Region RG19: We Will See Later,,Municipality MU40: Council of Last Minute Edits,City CY224: Circular Reference Village,Postal area PA219: Hidden Sheet Sector,Postal code PC427: #REF! Delivery Route,,Address AD631: Cell Without a Home,,Excel Is Not A Database Ltd 1097,2015
963968,Country CT10: Land of The Final Version,Region RG19: We Will See Later,,Municipality MU42: Council of Last Minute Edits,,Postal area PA218: Hidden Sheet Sector,Postal code PC426: #REF! Delivery Route,,Address AD640: Cell Without a Home,,Excel Is Not A Database Ltd 84,2015
793048,Country CT10: Land of The Final Version,Region RG19: We Will See Later,,Municipality MU42: Council of Last Minute Edits,City CY227: AutoFill Village,Postal area PA217: Hidden Sheet Sector,Postal code PC425: #REF! Delivery Route,Street ST242: PowerPoint New Parade,Address AD639: Cell Without a Home,,Excel Is Not A Database Ltd 313,2015
485031,Country CT10: Land of The Final Version,Region RG19: We Will See Later,,Municipality MU42: Council of Last Minute Edits,City CY226: Unsorted Village,Postal area PA216: Hidden Sheet Sector,Postal code PC424: #REF! Delivery Route,Street ST240: Last Save Square,Address AD636: Cell Without a Home,,Excel Is Not A Database Ltd 726,2025
847373,Country CT10: Land of The Final Version,Region RG19: We Will See Later,,Municipality MU42: Council of Last Minute Edits,,Postal area PA216: Hidden Sheet Sector,Postal code PC423: #REF! Delivery Route,Street ST239: Spill Error Square,Address AD635: Cell Without a Home,,Excel Is Not A Database Ltd 642,2015
205344,Country CT10: Land of The Final Version,Region RG19: We Will See Later,,Municipality MU42: Council of Last Minute Edits,City CY226: Unsorted Village,Postal area PA216: Hidden Sheet Sector,Postal code PC422: #REF! Delivery Route,,Address AD637: Cell Without a Home,,Excel Is Not A Database Ltd 717,2015
771503,Country CT10: Land of The Final Version,Region RG19: We Will See Later,,Municipality MU42: Council of Last Minute Edits,,Postal area PA216: Hidden Sheet Sector,Postal code PC421: #REF! Delivery Route,Street ST241: Where-less Query Parade,Address AD638: Cell Without a Home,,Excel Is Not A Database Ltd 598,2015
185502,Country CT10: Land of The Final Version,Region RG19: We Will See Later,,Municipality MU45: Council of Last Minute Edits,,Postal area PA215: Hidden Sheet Sector,Postal code PC420: #REF! Delivery Route,Street ST244: Pivot Table Parade,Address AD643: Cell Without a Home,,Excel Is Not A Database Ltd 96,2015
867211,Country CT10: Land of The Final Version,Region RG19: We Will See Later,,Municipality MU45: Council of Last Minute Edits,,Postal area PA215: Hidden Sheet Sector,Postal code PC419: #REF! Delivery Route,,Address AD644: Cell Without a Home,,Excel Is Not A Database Ltd 347,2015
598915,Country CT10: Land of The Final Version,Region RG19: We Will See Later,,Municipality MU45: Council of Last Minute Edits,City CY229: Conditional Format Village,Postal area PA215: Hidden Sheet Sector,Postal code PC418: #REF! Delivery Route,,Address AD645: Cell Without a Home,,Excel Is Not A Database Ltd 298,2015
781059,Country CT10: Land of The Final Version,Region RG19: We Will See Later,,Municipality MU38: Council of Last Minute Edits,City CY223: Hidden Sheet Village,Postal area PA214: Hidden Sheet Sector,Postal code PC417: #REF! Delivery Route,,Address AD628: Cell Without a Home,,Excel Is Not A Database Ltd 582,2015
848527,Country CT10: Land of The Final Version,Region RG19: We Will See Later,,Municipality MU38: Council of Last Minute Edits,,Postal area PA214: Hidden Sheet Sector,Postal code PC416: #REF! Delivery Route,Street ST235: Merged Cell Square,Address AD629: Cell Without a Home,,Excel Is Not A Database Ltd 424,2015
362844,Country CT10: Land of The Final Version,,,,,Postal area PA214: Hidden Sheet Sector,Postal code PC415: #REF! Delivery Route,Street ST508: Pivot Table Quay,Address AD1110: Cell Without a Home,,Excel Is Not A Database Ltd 758,2015
562524,Country CT10: Land of The Final Version,Region RG19: We Will See Later,,Municipality MU39: Council of Last Minute Edits,,Postal area PA213: Hidden Sheet Sector,Postal code PC414: #REF! Delivery Route,Street ST236: Filtered View Square,Address AD630: Cell Without a Home,,Excel Is Not A Database Ltd 227,2015
475753,Country CT10: Land of The Final Version,Region RG19: We Will See Later,,Municipality MU41: Council of Last Minute Edits,City CY225: Missing Cell Village,Postal area PA212: Hidden Sheet Sector,Postal code PC413: #REF! Delivery Route,Street ST238: Cached Result Square,Address AD634: Cell Without a Home,,Excel Is Not A Database Ltd 391,2015
762930,Country CT10: Land of The Final Version,Region RG19: We Will See Later,,Municipality MU36: Council of Last Minute Edits,,Postal area PA211: Hidden Sheet Sector,Postal code PC412: #REF! Delivery Route,,Address AD626: Cell Without a Home,,Excel Is Not A Database Ltd 580,2015
525736,Country CT10: Land of The Final Version,Region RG19: We Will See Later,,Municipality MU44: Council of Last Minute Edits,,Postal area PA210: Hidden Sheet Sector,Postal code PC411: #REF! Delivery Route,,Address AD642: Cell Without a Home,,Excel Is Not A Database Ltd 357,2015
436523,Country CT10: Land of The Final Version,,,,,Postal area PA209: Hidden Sheet Sector,Postal code PC410: #REF! Delivery Route,,Address AD1109: Cell Without a Home,,Excel Is Not A Database Ltd 785,2015
408379,Country CT10: Land of The Final Version,,,,,Postal area PA208: Hidden Sheet Sector,Postal code PC409: #REF! Delivery Route,Street ST507: VLOOKUP Quay,Address AD1108: Cell Without a Home,,Excel Is Not A Database Ltd 472,2015
457540,Country CT10: Land of The Final Version,Region RG19: We Will See Later,,Municipality MU43: Council of Last Minute Edits,City CY228: Frozen Pane Village,Postal area PA208: Hidden Sheet Sector,Postal code PC408: #REF! Delivery Route,Street ST243: VLOOKUP Parade,Address AD641: Cell Without a Home,,Excel Is Not A Database Ltd 392,2015
225631,Country CT10: Land of The Final Version,,,,,Postal area PA207: Hidden Sheet Sector,Postal code PC407: #REF! Delivery Route,Street ST506: PowerPoint New Quay,Address AD1107: Cell Without a Home,,Excel Is Not A Database Ltd 592,2015
602406,Country CT10: Land of The Final Version,Region RG33: We Will See Later,,Municipality MU157: Council of Last Minute Edits,City CY376: Nested IF Moor,Postal area PA206: Hidden Sheet Sector,Postal code PC406: #REF! Delivery Route,Street ST425: Null Value Place,Address AD972: Cell Without a Home,,Excel Is Not A Database Ltd 100,2015
146736,Country CT10: Land of The Final Version,,,,,Postal area PA206: Hidden Sheet Sector,Postal code PC405: #REF! Delivery Route,,Address AD1106: Cell Without a Home,,Excel Is Not A Database Ltd 321,2015
172040,Country CT10: Land of The Final Version,Region RG33: We Will See Later,,Municipality MU160: Council of Last Minute Edits,City CY381: Broken Formula Moor,Postal area PA205: Hidden Sheet Sector,Postal code PC404: #REF! Delivery Route,,Address AD981: Cell Without a Home,,Excel Is Not A Database Ltd 816,2022
277246,Country CT10: Land of The Final Version,,,,City CY416: Circular Reference Port,Postal area PA205: Hidden Sheet Sector,Postal code PC403: #REF! Delivery Route,,Address AD1103: Cell Without a Home,,Excel Is Not A Database Ltd 956,2015
724334,Country CT10: Land of The Final Version,,,,,Postal area PA205: Hidden Sheet Sector,Postal code PC402: #REF! Delivery Route,Street ST505: Where-less Query Quay,Address AD1105: Cell Without a Home,,Excel Is Not A Database Ltd 691,2015
359930,Country CT10: Land of The Final Version,Region RG33: We Will See Later,,Municipality MU160: Council of Last Minute Edits,City CY382: Cached Result Moor,Postal area PA205: Hidden Sheet Sector,Postal code PC401: #REF! Delivery Route,,Address AD982: Cell Without a Home,,Excel Is Not A Database Ltd 1122,2023
197627,Country CT10: Land of The Final Version,,,,City CY415: Hidden Sheet Port,Postal area PA205: Hidden Sheet Sector,Postal code PC400: #REF! Delivery Route,Street ST504: Last Save Bridge,Address AD1104: Cell Without a Home,,Excel Is Not A Database Ltd 1114,2015
801850,Country CT10: Land of The Final Version,Region RG33: We Will See Later,,Municipality MU160: Council of Last Minute Edits,City CY382: Cached Result Moor,Postal area PA205: Hidden Sheet Sector,Postal code PC399: #REF! Delivery Route,Street ST433: Where-less Query Loop,Address AD983: Cell Without a Home,,Excel Is Not A Database Ltd 119,2015
148011,Country CT10: Land of The Final Version,Region RG33: We Will See Later,,Municipality MU162: Council of Last Minute Edits,,Postal area PA204: Hidden Sheet Sector,Postal code PC398: #REF! Delivery Route,Street ST435: VLOOKUP Loop,Address AD987: Cell Without a Home,,Excel Is Not A Database Ltd 1039,2015
491236,Country CT10: Land of The Final Version,,,,,Postal area PA203: Hidden Sheet Sector,Postal code PC397: #REF! Delivery Route,,Address AD1102: Cell Without a Home,,Excel Is Not A Database Ltd 378,2015
538748,Country CT10: Land of The Final Version,Region RG33: We Will See Later,,Municipality MU162: Council of Last Minute Edits,City CY385: Where-less Query Dale,Postal area PA202: Hidden Sheet Sector,Postal code PC396: #REF! Delivery Route,,Address AD986: Cell Without a Home,,Excel Is Not A Database Ltd 345,2026
620767,Country CT10: Land of The Final Version,,,,,Postal area PA202: Hidden Sheet Sector,Postal code PC395: #REF! Delivery Route,Street ST503: Spill Error Bridge,Address AD1101: Cell Without a Home,,Excel Is Not A Database Ltd 566,2015
139739,Country CT10: Land of The Final Version,Region RG33: We Will See Later,,Municipality MU166: Council of Last Minute Edits,City CY390: Final Final Dale,Postal area PA201: Hidden Sheet Sector,Postal code PC394: #REF! Delivery Route,,Address AD998: Cell Without a Home,,Excel Is Not A Database Ltd 44,2015
127705,Country CT10: Land of The Final Version,,,,,Postal area PA201: Hidden Sheet Sector,Postal code PC393: #REF! Delivery Route,Street ST502: Cached Result Bridge,Address AD1100: Cell Without a Home,,Excel Is Not A Database Ltd 79,2015
138883,Country CT10: Land of The Final Version,,,,,Postal area PA201: Hidden Sheet Sector,,,Address AD1099: Cell Without a Home,,Excel Is Not A Database Ltd 1036,2015
934754,Country CT10: Land of The Final Version,,,,,Postal area PA200: Hidden Sheet Sector,Postal code PC392: #REF! Delivery Route,,Address AD1098: Cell Without a Home,,Excel Is Not A Database Ltd 889,2015
247365,Country CT10: Land of The Final Version,Region RG30: We Will See Later,,Municipality MU131: Council of Last Minute Edits,,Postal area PA199: Hidden Sheet Sector,Postal code PC391: #REF! Delivery Route,,Address AD899: Cell Without a Home,,Excel Is Not A Database Ltd 789,2022
104399,Country CT10: Land of The Final Version,Region RG30: We Will See Later,,Municipality MU129: Council of Last Minute Edits,City CY352: Nested IF Ridge,Postal area PA198: Hidden Sheet Sector,Postal code PC390: #REF! Delivery Route,,Address AD897: Cell Without a Home,,Excel Is Not A Database Ltd 626,2015
356074,Country CT10: Land of The Final Version,Region RG24: We Will See Later,,Municipality MU78: Council of Last Minute Edits,City CY277: Conditional Format Falls,Postal area PA197: Hidden Sheet Sector,Postal code PC389: #REF! Delivery Route,,Address AD745: Cell Without a Home,,Excel Is Not A Database Ltd 737,2015
942417,Country CT10: Land of The Final Version,Region RG24: We Will See Later,,Municipality MU82: Council of Last Minute Edits,City CY282: Duplicate Row Falls,Postal area PA196: Hidden Sheet Sector,Postal code PC388: #REF! Delivery Route,Street ST299: AutoFill Terrace,Address AD750: Cell Without a Home,,Excel Is Not A Database Ltd 348,2015
684225,Country CT10: Land of The Final Version,Region RG24: We Will See Later,,Municipality MU83: Council of Last Minute Edits,,Postal area PA195: Hidden Sheet Sector,Postal code PC387: #REF! Delivery Route,,Address AD751: Cell Without a Home,,Excel Is Not A Database Ltd 780,2015
914255,Country CT10: Land of The Final Version,Region RG24: We Will See Later,,Municipality MU83: Council of Last Minute Edits,City CY283: Merged Cell Falls,Postal area PA195: Hidden Sheet Sector,Postal code PC386: #REF! Delivery Route,,Address AD752: Cell Without a Home,,Excel Is Not A Database Ltd 551,2015
965454,Country CT10: Land of The Final Version,Region RG24: We Will See Later,,Municipality MU84: Council of Last Minute Edits,,Postal area PA194: Hidden Sheet Sector,Postal code PC385: #REF! Delivery Route,,Address AD753: Cell Without a Home,,Excel Is Not A Database Ltd 307,2015
474983,Country CT10: Land of The Final Version,Region RG24: We Will See Later,,Municipality MU79: Council of Last Minute Edits,City CY278: Relative Reference Falls,Postal area PA193: Hidden Sheet Sector,Postal code PC384: #REF! Delivery Route,Street ST298: Unsorted Terrace,Address AD746: Cell Without a Home,,Excel Is Not A Database Ltd 346,2015
804737,Country CT10: Land of The Final Version,Region RG24: We Will See Later,,Municipality MU80: Council of Last Minute Edits,City CY279: Absolute Reference Falls,Postal area PA192: Hidden Sheet Sector,Postal code PC383: #REF! Delivery Route,,Address AD747: Cell Without a Home,,Excel Is Not A Database Ltd 340,2015
395361,Country CT10: Land of The Final Version,Region RG24: We Will See Later,,Municipality MU86: Council of Last Minute Edits,City CY284: Filtered View Falls,Postal area PA191: Hidden Sheet Sector,Postal code PC382: #REF! Delivery Route,,Address AD755: Cell Without a Home,,Excel Is Not A Database Ltd 573,2015
341852,Country CT10: Land of The Final Version,,,,City CY414: Final Final Port,Postal area PA190: Hidden Sheet Sector,Postal code PC381: #REF! Delivery Route,Street ST501: Broken Formula Bridge,Address AD1097: Cell Without a Home,,Excel Is Not A Database Ltd 232,2015
352248,Country CT10: Land of The Final Version,Region RG24: We Will See Later,,Municipality MU85: Council of Last Minute Edits,,Postal area PA190: Hidden Sheet Sector,Postal code PC380: #REF! Delivery Route,Street ST300: Frozen Pane Terrace,Address AD754: Cell Without a Home,,Excel Is Not A Database Ltd 83,2015
750496,Country CT10: Land of The Final Version,Region RG24: We Will See Later,,Municipality MU81: Council of Last Minute Edits,City CY280: Nested IF Falls,Postal area PA189: Hidden Sheet Sector,Postal code PC379: #REF! Delivery Route,,Address AD748: Cell Without a Home,,Excel Is Not A Database Ltd 555,2015
258332,Country CT10: Land of The Final Version,Region RG24: We Will See Later,,Municipality MU81: Council of Last Minute Edits,City CY281: Null Value Falls,Postal area PA189: Hidden Sheet Sector,Postal code PC378: #REF! Delivery Route,,Address AD749: Cell Without a Home,,Excel Is Not A Database Ltd 1128,2015
292911,Country CT10: Land of The Final Version,Region RG26: We Will See Later,,Municipality MU98: Council of Last Minute Edits,,Postal area PA188: Hidden Sheet Sector,Postal code PC377: #REF! Delivery Route,Street ST309: Broken Formula Terrace,Address AD775: Cell Without a Home,,Excel Is Not A Database Ltd 1139,2017
349123,Country CT10: Land of The Final Version,Region RG26: We Will See Later,,Municipality MU97: Council of Last Minute Edits,,Postal area PA187: Hidden Sheet Sector,Postal code PC376: #REF! Delivery Route,Street ST308: Filtered View Terrace,Address AD774: Cell Without a Home,,Excel Is Not A Database Ltd 776,2022
876827,Country CT10: Land of The Final Version,Region RG22: We Will See Later,,Municipality MU64: Council of Last Minute Edits,City CY248: Circular Reference Point,Postal area PA186: Hidden Sheet Sector,Postal code PC375: #REF! Delivery Route,Street ST264: Last Save Parade,Address AD682: Cell Without a Home,,Excel Is Not A Database Ltd 627,2015
672420,Country CT10: Land of The Final Version,Region RG22: We Will See Later,,Municipality MU63: Council of Last Minute Edits,,Postal area PA185: Hidden Sheet Sector,Postal code PC374: #REF! Delivery Route,Street ST263: Spill Error Parade,Address AD681: Cell Without a Home,,Excel Is Not A Database Ltd 569,2015
709399,Country CT10: Land of The Final Version,Region RG22: We Will See Later,,Municipality MU63: Council of Last Minute Edits,,Postal area PA185: Hidden Sheet Sector,,,Address AD680: Cell Without a Home,,Excel Is Not A Database Ltd 1116,2015
218543,Country CT10: Land of The Final Version,Region RG22: We Will See Later,,Municipality MU65: Council of Last Minute Edits,,Postal area PA184: Hidden Sheet Sector,Postal code PC373: #REF! Delivery Route,Street ST265: Where-less Query Junction,Address AD684: Cell Without a Home,,Excel Is Not A Database Ltd 914,2015
907046,Country CT10: Land of The Final Version,Region RG22: We Will See Later,,Municipality MU65: Council of Last Minute Edits,City CY249: Missing Cell Point,Postal area PA184: Hidden Sheet Sector,Postal code PC372: #REF! Delivery Route,,Address AD683: Cell Without a Home,,Excel Is Not A Database Ltd 512,2017
319295,Country CT10: Land of The Final Version,Region RG22: We Will See Later,,Municipality MU65: Council of Last Minute Edits,,Postal area PA184: Hidden Sheet Sector,Postal code PC371: #REF! Delivery Route,,Address AD685: Cell Without a Home,,Excel Is Not A Database Ltd 82,2017
553201,Country CT10: Land of The Final Version,Region RG30: We Will See Later,,Municipality MU130: Council of Last Minute Edits,,Postal area PA183: Hidden Sheet Sector,Postal code PC370: #REF! Delivery Route,Street ST375: Absolute Reference Mews,Address AD898: Cell Without a Home,,Excel Is Not A Database Ltd 1119,2015
738451,Country CT10: Land of The Final Version,Region RG35: We Will See Later,,Municipality MU172: Council of Last Minute Edits,City CY395: AutoFill Dale,Postal area PA182: Hidden Sheet Sector,,,Address AD1012: Cell Without a Home,,Excel Is Not A Database Ltd 996,2015
871512,Country CT10: Land of The Final Version,Region RG21: We Will See Later,,Municipality MU59: Council of Last Minute Edits,City CY245: Ctrl Z Point,Postal area PA181: Hidden Sheet Sector,Postal code PC369: #REF! Delivery Route,,Address AD674: Cell Without a Home,,Excel Is Not A Database Ltd 81,2017
474398,Country CT10: Land of The Final Version,Region RG21: We Will See Later,,Municipality MU58: Council of Last Minute Edits,City CY244: Pivot Table Point,Postal area PA180: Hidden Sheet Sector,Postal code PC368: #REF! Delivery Route,Street ST261: Broken Formula Parade,Address AD673: Cell Without a Home,,Excel Is Not A Database Ltd 1101,2022
804006,Country CT10: Land of The Final Version,Region RG21: We Will See Later,,Municipality MU58: Council of Last Minute Edits,,Postal area PA180: Hidden Sheet Sector,Postal code PC367: #REF! Delivery Route,Street ST260: Filtered View Parade,Address AD672: Cell Without a Home,,Excel Is Not A Database Ltd 711,2020
557431,Country CT10: Land of The Final Version,Region RG21: We Will See Later,,Municipality MU62: Council of Last Minute Edits,,Postal area PA179: Hidden Sheet Sector,Postal code PC366: #REF! Delivery Route,,Address AD679: Cell Without a Home,,Excel Is Not A Database Ltd 724,2018
263243,Country CT10: Land of The Final Version,Region RG21: We Will See Later,,Municipality MU57: Council of Last Minute Edits,City CY242: PowerPoint New Point,Postal area PA178: Hidden Sheet Sector,Postal code PC365: #REF! Delivery Route,Street ST259: Merged Cell Parade,Address AD671: Cell Without a Home,,Excel Is Not A Database Ltd 692,2017
672297,Country CT10: Land of The Final Version,Region RG21: We Will See Later,,Municipality MU57: Council of Last Minute Edits,City CY243: VLOOKUP Point,Postal area PA178: Hidden Sheet Sector,Postal code PC364: #REF! Delivery Route,Street ST258: Duplicate Row Parade,Address AD670: Cell Without a Home,,Excel Is Not A Database Ltd 195,2024
483019,Country CT10: Land of The Final Version,Region RG21: We Will See Later,,Municipality MU57: Council of Last Minute Edits,,Postal area PA178: Hidden Sheet Sector,Postal code PC363: #REF! Delivery Route,Street ST257: Null Value Parade,Address AD669: Cell Without a Home,,Excel Is Not A Database Ltd 567,2016
591716,Country CT10: Land of The Final Version,Region RG21: We Will See Later,,Municipality MU61: Council of Last Minute Edits,City CY247: Hidden Sheet Point,Postal area PA177: Hidden Sheet Sector,Postal code PC362: #REF! Delivery Route,,Address AD678: Cell Without a Home,,Excel Is Not A Database Ltd 433,2022
670602,Country CT10: Land of The Final Version,Region RG21: We Will See Later,,Municipality MU60: Council of Last Minute Edits,,Postal area PA176: Hidden Sheet Sector,Postal code PC361: #REF! Delivery Route,,Address AD677: Cell Without a Home,,Excel Is Not A Database Ltd 405,2022
428393,Country CT10: Land of The Final Version,Region RG21: We Will See Later,,Municipality MU60: Council of Last Minute Edits,City CY246: Final Final Point,Postal area PA176: Hidden Sheet Sector,Postal code PC360: #REF! Delivery Route,Street ST262: Cached Result Parade,Address AD676: Cell Without a Home,,Excel Is Not A Database Ltd 1016,2022
380800,Country CT10: Land of The Final Version,Region RG21: We Will See Later,,Municipality MU60: Council of Last Minute Edits,City CY246: Final Final Point,Postal area PA176: Hidden Sheet Sector,Postal code PC359: #REF! Delivery Route,,Address AD675: Cell Without a Home,,Excel Is Not A Database Ltd 820,2022
945275,Country CT10: Land of The Final Version,Region RG36: We Will See Later,,Municipality MU181: Council of Last Minute Edits,,Postal area PA175: Hidden Sheet Sector,Postal code PC358: #REF! Delivery Route,Street ST459: VLOOKUP Rise,Address AD1023: Cell Without a Home,,Excel Is Not A Database Ltd 397,2015
937719,Country CT5: Land of The Final Version,Region RG7: We Will See Later,,,,,Postal code PC49: #REF! Delivery Route,,Address AD19: Cell Without a Home,,Excel Is Not A Database Ltd 441,2022
460630,Country CT5: Land of The Final Version,Region RG7: We Will See Later,,,,,Postal code PC48: #REF! Delivery Route,,Address AD18: Cell Without a Home,,Excel Is Not A Database Ltd 853,2017
223603,Country CT10: Land of The Final Version,Region RG35: We Will See Later,,Municipality MU175: Council of Last Minute Edits,City CY398: Relative Reference Dale,Postal area PA174: Hidden Sheet Sector,Postal code PC357: #REF! Delivery Route,,Address AD1016: Cell Without a Home,,Excel Is Not A Database Ltd 48,2015
176004,Country CT10: Land of The Final Version,Region RG35: We Will See Later,,Municipality MU173: Council of Last Minute Edits,,Postal area PA173: Hidden Sheet Sector,Postal code PC356: #REF! Delivery Route,Street ST454: Cached Result Loop,Address AD1014: Cell Without a Home,,Excel Is Not A Database Ltd 55,2015
218829,Country CT10: Land of The Final Version,Region RG35: We Will See Later,,Municipality MU173: Council of Last Minute Edits,City CY396: Frozen Pane Dale,Postal area PA173: Hidden Sheet Sector,Postal code PC355: #REF! Delivery Route,,Address AD1013: Cell Without a Home,,Excel Is Not A Database Ltd 86,2021
355862,Country CT10: Land of The Final Version,Region RG35: We Will See Later,,Municipality MU176: Council of Last Minute Edits,,Postal area PA172: Hidden Sheet Sector,Postal code PC354: #REF! Delivery Route,Street ST455: Spill Error Loop,Address AD1017: Cell Without a Home,,Excel Is Not A Database Ltd 869,2015
233107,Country CT10: Land of The Final Version,Region RG35: We Will See Later,,Municipality MU176: Council of Last Minute Edits,,Postal area PA172: Hidden Sheet Sector,Postal code PC353: #REF! Delivery Route,,Address AD1018: Cell Without a Home,,Excel Is Not A Database Ltd 510,2016
631307,Country CT10: Land of The Final Version,Region RG34: We Will See Later,,Municipality MU167: Council of Last Minute Edits,,Postal area PA171: Hidden Sheet Sector,Postal code PC352: #REF! Delivery Route,,Address AD999: Cell Without a Home,,Excel Is Not A Database Ltd 349,2015
185701,Country CT10: Land of The Final Version,Region RG34: We Will See Later,,Municipality MU169: Council of Last Minute Edits,City CY391: Hidden Sheet Dale,Postal area PA170: Hidden Sheet Sector,Postal code PC351: #REF! Delivery Route,Street ST447: Absolute Reference Loop,Address AD1003: Cell Without a Home,,Excel Is Not A Database Ltd 654,2023
327931,Country CT10: Land of The Final Version,Region RG34: We Will See Later,,Municipality MU169: Council of Last Minute Edits,City CY392: Circular Reference Dale,Postal area PA170: Hidden Sheet Sector,Postal code PC351: #REF! Delivery Route,Street ST448: Nested IF Loop,Address AD1004: Cell Without a Home,,Excel Is Not A Database Ltd 326,2023
997483,Country CT10: Land of The Final Version,Region RG34: We Will See Later,,Municipality MU169: Council of Last Minute Edits,,Postal area PA170: Hidden Sheet Sector,Postal code PC350: #REF! Delivery Route,Street ST449: Null Value Loop,Address AD1005: Cell Without a Home,,Excel Is Not A Database Ltd 327,2015
868343,Country CT10: Land of The Final Version,Region RG34: We Will See Later,,Municipality MU170: Council of Last Minute Edits,,Postal area PA169: Hidden Sheet Sector,Postal code PC349: #REF! Delivery Route,Street ST450: Duplicate Row Loop,Address AD1006: Cell Without a Home,,Excel Is Not A Database Ltd 810,2015
886991,Country CT10: Land of The Final Version,Region RG34: We Will See Later,,Municipality MU170: Council of Last Minute Edits,City CY393: Missing Cell Dale,Postal area PA169: Hidden Sheet Sector,Postal code PC349: #REF! Delivery Route,Street ST451: Merged Cell Loop,Address AD1007: Cell Without a Home,,Excel Is Not A Database Ltd 588,2020
438582,Country CT10: Land of The Final Version,Region RG34: We Will See Later,,Municipality MU168: Council of Last Minute Edits,,Postal area PA168: Hidden Sheet Sector,Postal code PC348: #REF! Delivery Route,Street ST444: Frozen Pane Loop,Address AD1001: Cell Without a Home,,Excel Is Not A Database Ltd 446,2020
210422,Country CT10: Land of The Final Version,Region RG34: We Will See Later,,Municipality MU168: Council of Last Minute Edits,,Postal area PA168: Hidden Sheet Sector,Postal code PC348: #REF! Delivery Route,Street ST446: Relative Reference Loop,Address AD1000: Cell Without a Home,,Excel Is Not A Database Ltd 517,2023
627785,Country CT10: Land of The Final Version,Region RG34: We Will See Later,,Municipality MU168: Council of Last Minute Edits,,Postal area PA168: Hidden Sheet Sector,Postal code PC348: #REF! Delivery Route,Street ST445: Conditional Format Loop,Address AD1002: Cell Without a Home,,Excel Is Not A Database Ltd 1026,2019
116041,Country CT10: Land of The Final Version,,,,,Postal area PA168: Hidden Sheet Sector,,Street ST500: Filtered View Bridge,Address AD1096: Cell Without a Home,,Excel Is Not A Database Ltd 92,2015
728114,Country CT10: Land of The Final Version,,,,,Postal area PA167: Hidden Sheet Sector,Postal code PC347: #REF! Delivery Route,,Address AD1095: Cell Without a Home,,Excel Is Not A Database Ltd 71,2015
837592,Country CT10: Land of The Final Version,Region RG34: We Will See Later,,Municipality MU171: Council of Last Minute Edits,,Postal area PA167: Hidden Sheet Sector,Postal code PC346: #REF! Delivery Route,Street ST452: Filtered View Loop,Address AD1008: Cell Without a Home,,Excel Is Not A Database Ltd 531,2015
962551,Country CT10: Land of The Final Version,Region RG34: We Will See Later,,Municipality MU171: Council of Last Minute Edits,City CY394: Unsorted Dale,Postal area PA167: Hidden Sheet Sector,Postal code PC346: #REF! Delivery Route,,Address AD1009: Cell Without a Home,,Excel Is Not A Database Ltd 533,2020
202959,Country CT10: Land of The Final Version,Region RG34: We Will See Later,,Municipality MU171: Council of Last Minute Edits,,Postal area PA167: Hidden Sheet Sector,Postal code PC345: #REF! Delivery Route,,Address AD1011: Cell Without a Home,,Excel Is Not A Database Ltd 399,2015
962812,Country CT10: Land of The Final Version,Region RG34: We Will See Later,,Municipality MU171: Council of Last Minute Edits,,Postal area PA167: Hidden Sheet Sector,,Street ST453: Broken Formula Loop,Address AD1010: Cell Without a Home,,Excel Is Not A Database Ltd 1079,2015
827266,Country CT10: Land of The Final Version,,,,,Postal area PA166: Hidden Sheet Sector,,,Address AD1094: Cell Without a Home,,Excel Is Not A Database Ltd 1091,2015
241788,Country CT10: Land of The Final Version,Region RG35: We Will See Later,,Municipality MU174: Council of Last Minute Edits,City CY397: Conditional Format Dale,Postal area PA165: Hidden Sheet Sector,Postal code PC344: #REF! Delivery Route,,Address AD1015: Cell Without a Home,,Excel Is Not A Database Ltd 158,2021
630805,Country CT10: Land of The Final Version,Region RG20: We Will See Later,,Municipality MU49: Council of Last Minute Edits,City CY235: Merged Cell Village,Postal area PA164: Hidden Sheet Sector,Postal code PC343: #REF! Delivery Route,,Address AD653: Cell Without a Home,,Excel Is Not A Database Ltd 1061,2017
187401,Country CT10: Land of The Final Version,Region RG20: We Will See Later,,Municipality MU53: Council of Last Minute Edits,City CY238: Cached Result Village,Postal area PA163: Hidden Sheet Sector,Postal code PC342: #REF! Delivery Route,,Address AD660: Cell Without a Home,,Excel Is Not A Database Ltd 1100,2018
664010,Country CT10: Land of The Final Version,,,,City CY413: Ctrl Z Port,Postal area PA162: Hidden Sheet Sector,Postal code PC341: #REF! Delivery Route,Street ST499: Merged Cell Bridge,Address AD1093: Cell Without a Home,,Excel Is Not A Database Ltd 1010,2015
104772,Country CT5: Land of The Final Version,Region RG14: We Will See Later,,,City CY27: VLOOKUP Borough,,Postal code PC47: #REF! Delivery Route,,Address AD48: Cell Without a Home,,Excel Is Not A Database Ltd 331,2019
250112,Country CT10: Land of The Final Version,Region RG20: We Will See Later,,Municipality MU51: Council of Last Minute Edits,,Postal area PA161: Hidden Sheet Sector,Postal code PC340: #REF! Delivery Route,Street ST251: AutoFill Parade,Address AD657: Cell Without a Home,,Excel Is Not A Database Ltd 513,2015
500465,Country CT10: Land of The Final Version,Region RG20: We Will See Later,,Municipality MU51: Council of Last Minute Edits,,Postal area PA161: Hidden Sheet Sector,Postal code PC339: #REF! Delivery Route,,Address AD656: Cell Without a Home,,Excel Is Not A Database Ltd 576,2021
672624,Country CT10: Land of The Final Version,,,,,Postal area PA161: Hidden Sheet Sector,Postal code PC338: #REF! Delivery Route,Street ST498: Duplicate Row Bridge,Address AD1092: Cell Without a Home,,Excel Is Not A Database Ltd 1047,2015
628360,Country CT10: Land of The Final Version,Region RG20: We Will See Later,,Municipality MU51: Council of Last Minute Edits,City CY237: Broken Formula Village,Postal area PA161: Hidden Sheet Sector,,,Address AD658: Cell Without a Home,,Excel Is Not A Database Ltd 471,2015
371708,Country CT10: Land of The Final Version,Region RG20: We Will See Later,,Municipality MU56: Council of Last Minute Edits,,Postal area PA160: Hidden Sheet Sector,Postal code PC337: #REF! Delivery Route,Street ST255: Absolute Reference Parade,Address AD667: Cell Without a Home,,Excel Is Not A Database Ltd 552,2023
654882,Country CT10: Land of The Final Version,Region RG20: We Will See Later,,Municipality MU56: Council of Last Minute Edits,City CY241: Where-less Query Point,Postal area PA160: Hidden Sheet Sector,,Street ST256: Nested IF Parade,Address AD668: Cell Without a Home,,Excel Is Not A Database Ltd 216,2015
250873,Country CT10: Land of The Final Version,Region RG20: We Will See Later,,Municipality MU56: Council of Last Minute Edits,,Postal area PA159: Hidden Sheet Sector,Postal code PC336: #REF! Delivery Route,Street ST254: Relative Reference Parade,Address AD666: Cell Without a Home,,Excel Is Not A Database Ltd 466,2015
860184,Country CT10: Land of The Final Version,Region RG20: We Will See Later,,Municipality MU52: Council of Last Minute Edits,,Postal area PA158: Hidden Sheet Sector,Postal code PC335: #REF! Delivery Route,Street ST252: Frozen Pane Parade,Address AD659: Cell Without a Home,,Excel Is Not A Database Ltd 51,2015
526638,Country CT10: Land of The Final Version,Region RG31: We Will See Later,,Municipality MU140: Council of Last Minute Edits,,Postal area PA157: Hidden Sheet Sector,Postal code PC334: #REF! Delivery Route,Street ST392: Circular Reference Path,Address AD925: Cell Without a Home,,Excel Is Not A Database Ltd 273,2015
940248,Country CT10: Land of The Final Version,Region RG31: We Will See Later,,Municipality MU139: Council of Last Minute Edits,,Postal area PA156: Hidden Sheet Sector,Postal code PC333: #REF! Delivery Route,Street ST391: Hidden Sheet Path,Address AD924: Cell Without a Home,,Excel Is Not A Database Ltd 1106,2015
787090,Country CT10: Land of The Final Version,Region RG20: We Will See Later,,Municipality MU54: Council of Last Minute Edits,City CY239: Spill Error Village,Postal area PA155: Hidden Sheet Sector,Postal code PC332: #REF! Delivery Route,,Address AD661: Cell Without a Home,,Excel Is Not A Database Ltd 231,2017
634619,Country CT10: Land of The Final Version,Region RG20: We Will See Later,,Municipality MU54: Council of Last Minute Edits,,Postal area PA155: Hidden Sheet Sector,,,Address AD662: Cell Without a Home,,Excel Is Not A Database Ltd 406,2015
303976,Country CT10: Land of The Final Version,Region RG20: We Will See Later,,Municipality MU50: Council of Last Minute Edits,City CY236: Filtered View Village,Postal area PA154: Hidden Sheet Sector,Postal code PC331: #REF! Delivery Route,Street ST250: Unsorted Parade,Address AD655: Cell Without a Home,,Excel Is Not A Database Ltd 944,2015
509778,Country CT10: Land of The Final Version,Region RG20: We Will See Later,,Municipality MU50: Council of Last Minute Edits,,Postal area PA154: Hidden Sheet Sector,,,Address AD654: Cell Without a Home,,Excel Is Not A Database Ltd 928,2015
375080,Country CT10: Land of The Final Version,,,,,Postal area PA154: Hidden Sheet Sector,,Street ST497: Null Value Bridge,Address AD1091: Cell Without a Home,,Excel Is Not A Database Ltd 1043,2015
137103,Country CT10: Land of The Final Version,Region RG20: We Will See Later,,Municipality MU55: Council of Last Minute Edits,City CY240: Last Save Village,Postal area PA153: Hidden Sheet Sector,Postal code PC330: #REF! Delivery Route,,Address AD663: Cell Without a Home,,Excel Is Not A Database Ltd 734,2015
550297,Country CT10: Land of The Final Version,Region RG20: We Will See Later,,Municipality MU55: Council of Last Minute Edits,City CY240: Last Save Village,Postal area PA153: Hidden Sheet Sector,Postal code PC329: #REF! Delivery Route,,Address AD664: Cell Without a Home,,Excel Is Not A Database Ltd 581,2021
715819,Country CT10: Land of The Final Version,Region RG20: We Will See Later,,Municipality MU55: Council of Last Minute Edits,,Postal area PA153: Hidden Sheet Sector,Postal code PC328: #REF! Delivery Route,Street ST253: Conditional Format Parade,Address AD665: Cell Without a Home,,Excel Is Not A Database Ltd 991,2022
532578,Country CT10: Land of The Final Version,,,,,Postal area PA153: Hidden Sheet Sector,Postal code PC327: #REF! Delivery Route,,Address AD1090: Cell Without a Home,,Excel Is Not A Database Ltd 17,2015
868694,Country CT6: Land of The Final Version,Region RG15: We Will See Later,,,City CY31: Hidden Sheet Borough,,Postal code PC50: #REF! Delivery Route,,Address AD56: Cell Without a Home,,Excel Is Not A Database Ltd 1035,2021
729497,Country CT10: Land of The Final Version,Region RG20: We Will See Later,,Municipality MU47: Council of Last Minute Edits,City CY232: Nested IF Village,Postal area PA152: Hidden Sheet Sector,Postal code PC326: #REF! Delivery Route,Street ST246: Final Final Parade,Address AD648: Cell Without a Home,,Excel Is Not A Database Ltd 451,2016
228675,Country CT10: Land of The Final Version,Region RG20: We Will See Later,,Municipality MU47: Council of Last Minute Edits,City CY231: Absolute Reference Village,Postal area PA152: Hidden Sheet Sector,Postal code PC325: #REF! Delivery Route,Street ST245: Ctrl Z Parade,Address AD647: Cell Without a Home,,Excel Is Not A Database Ltd 759,2021
818978,Country CT10: Land of The Final Version,Region RG20: We Will See Later,,Municipality MU48: Council of Last Minute Edits,City CY234: Duplicate Row Village,Postal area PA151: Hidden Sheet Sector,Postal code PC324: #REF! Delivery Route,Street ST249: Missing Cell Parade,Address AD652: Cell Without a Home,,Excel Is Not A Database Ltd 249,2015
137493,Country CT10: Land of The Final Version,Region RG20: We Will See Later,,Municipality MU48: Council of Last Minute Edits,City CY233: Null Value Village,Postal area PA150: Hidden Sheet Sector,Postal code PC323: #REF! Delivery Route,Street ST248: Circular Reference Parade,Address AD651: Cell Without a Home,,Excel Is Not A Database Ltd 859,2017
339033,Country CT10: Land of The Final Version,Region RG20: We Will See Later,,Municipality MU48: Council of Last Minute Edits,,Postal area PA149: Hidden Sheet Sector,Postal code PC322: #REF! Delivery Route,Street ST247: Hidden Sheet Parade,Address AD650: Cell Without a Home,,Excel Is Not A Database Ltd 344,2015
918219,Country CT10: Land of The Final Version,Region RG20: We Will See Later,,Municipality MU48: Council of Last Minute Edits,,Postal area PA149: Hidden Sheet Sector,Postal code PC321: #REF! Delivery Route,,Address AD649: Cell Without a Home,,Excel Is Not A Database Ltd 280,2017
311782,Country CT5: Land of The Final Version,Region RG13: We Will See Later,,,City CY26: PowerPoint New Borough,,Postal code PC46: #REF! Delivery Route,,Address AD47: Cell Without a Home,,Excel Is Not A Database Ltd 1071,2018
619322,Country CT10: Land of The Final Version,,,,,Postal area PA148: Hidden Sheet Sector,Postal code PC320: #REF! Delivery Route,Street ST496: Nested IF Bridge,Address AD1088: Cell Without a Home,,Excel Is Not A Database Ltd 651,2015
671048,Country CT10: Land of The Final Version,,,,,Postal area PA148: Hidden Sheet Sector,,,Address AD1089: Cell Without a Home,,Excel Is Not A Database Ltd 602,2015
469322,Country CT10: Land of The Final Version,Region RG31: We Will See Later,,Municipality MU134: Council of Last Minute Edits,,Postal area PA147: Hidden Sheet Sector,Postal code PC319: #REF! Delivery Route,,Address AD908: Cell Without a Home,,Excel Is Not A Database Ltd 387,2015
602721,Country CT10: Land of The Final Version,Region RG31: We Will See Later,,Municipality MU134: Council of Last Minute Edits,,Postal area PA147: Hidden Sheet Sector,,Street ST379: Merged Cell Mews,Address AD907: Cell Without a Home,,Excel Is Not A Database Ltd 91,2015
139102,Country CT10: Land of The Final Version,Region RG31: We Will See Later,,Municipality MU135: Council of Last Minute Edits,,Postal area PA146: Hidden Sheet Sector,Postal code PC318: #REF! Delivery Route,Street ST380: Filtered View Mews,Address AD910: Cell Without a Home,,Excel Is Not A Database Ltd 550,2025
756436,Country CT10: Land of The Final Version,Region RG31: We Will See Later,,Municipality MU135: Council of Last Minute Edits,,Postal area PA146: Hidden Sheet Sector,Postal code PC317: #REF! Delivery Route,Street ST380: Filtered View Mews,Address AD909: Cell Without a Home,,Excel Is Not A Database Ltd 909,2021
278323,Country CT10: Land of The Final Version,,,,City CY412: Pivot Table Port,Postal area PA146: Hidden Sheet Sector,Postal code PC316: #REF! Delivery Route,Street ST495: Absolute Reference Bridge,Address AD1087: Cell Without a Home,,Excel Is Not A Database Ltd 556,2015
122573,Country CT10: Land of The Final Version,Region RG31: We Will See Later,,Municipality MU136: Council of Last Minute Edits,,Postal area PA145: Hidden Sheet Sector,Postal code PC315: #REF! Delivery Route,Street ST381: Broken Formula Mews,Address AD912: Cell Without a Home,,Excel Is Not A Database Ltd 224,2015
321247,Country CT10: Land of The Final Version,Region RG31: We Will See Later,,Municipality MU136: Council of Last Minute Edits,City CY357: Broken Formula Ridge,Postal area PA145: Hidden Sheet Sector,Postal code PC314: #REF! Delivery Route,,Address AD913: Cell Without a Home,,Excel Is Not A Database Ltd 208,2021
956843,Country CT10: Land of The Final Version,Region RG31: We Will See Later,,Municipality MU136: Council of Last Minute Edits,City CY356: Filtered View Ridge,Postal area PA145: Hidden Sheet Sector,Postal code PC313: #REF! Delivery Route,,Address AD911: Cell Without a Home,,Excel Is Not A Database Ltd 877,2021
712238,Country CT10: Land of The Final Version,Region RG18: We Will See Later,,Municipality MU23: Council of Last Minute Edits,City CY208: Nested IF Hills,Postal area PA144: Hidden Sheet Sector,Postal code PC312: #REF! Delivery Route,,Address AD583: Cell Without a Home,,Excel Is Not A Database Ltd 961,2015
106618,Country CT10: Land of The Final Version,Region RG18: We Will See Later,,Municipality MU23: Council of Last Minute Edits,City CY207: Absolute Reference Hills,Postal area PA144: Hidden Sheet Sector,,,Address AD584: Cell Without a Home,,Excel Is Not A Database Ltd 915,2015
703174,Country CT10: Land of The Final Version,Region RG18: We Will See Later,,Municipality MU32: Council of Last Minute Edits,,Postal area PA143: Hidden Sheet Sector,Postal code PC311: #REF! Delivery Route,Street ST229: Conditional Format Square,Address AD617: Cell Without a Home,,Excel Is Not A Database Ltd 3,2015
670446,Country CT10: Land of The Final Version,Region RG18: We Will See Later,,Municipality MU32: Council of Last Minute Edits,,Postal area PA143: Hidden Sheet Sector,Postal code PC310: #REF! Delivery Route,,Address AD618: Cell Without a Home,,Excel Is Not A Database Ltd 813,2015
975873,Country CT10: Land of The Final Version,Region RG18: We Will See Later,,Municipality MU32: Council of Last Minute Edits,,Postal area PA142: Hidden Sheet Sector,Postal code PC309: #REF! Delivery Route,,Address AD615: Cell Without a Home,,Excel Is Not A Database Ltd 191,2015
206888,Country CT10: Land of The Final Version,Region RG18: We Will See Later,,Municipality MU32: Council of Last Minute Edits,City CY218: PowerPoint New Village,Postal area PA142: Hidden Sheet Sector,Postal code PC308: #REF! Delivery Route,Street ST228: Frozen Pane Square,Address AD616: Cell Without a Home,,Excel Is Not A Database Ltd 259,2022
226075,Country CT10: Land of The Final Version,Region RG31: We Will See Later,,Municipality MU132: Council of Last Minute Edits,City CY354: Duplicate Row Ridge,Postal area PA141: Hidden Sheet Sector,Postal code PC307: #REF! Delivery Route,Street ST376: Nested IF Mews,Address AD901: Cell Without a Home,,Excel Is Not A Database Ltd 748,2016
232947,Country CT10: Land of The Final Version,Region RG18: We Will See Later,,Municipality MU32: Council of Last Minute Edits,,Postal area PA140: Hidden Sheet Sector,Postal code PC306: #REF! Delivery Route,,Address AD613: Cell Without a Home,,Excel Is Not A Database Ltd 318,2015
272951,Country CT10: Land of The Final Version,Region RG18: We Will See Later,,Municipality MU32: Council of Last Minute Edits,City CY217: Where-less Query Village,Postal area PA140: Hidden Sheet Sector,Postal code PC306: #REF! Delivery Route,,Address AD614: Cell Without a Home,,Excel Is Not A Database Ltd 919,2015
378708,Country CT10: Land of The Final Version,Region RG18: We Will See Later,,Municipality MU24: Council of Last Minute Edits,City CY209: Null Value Hills,Postal area PA139: Hidden Sheet Sector,Postal code PC305: #REF! Delivery Route,,Address AD587: Cell Without a Home,,Excel Is Not A Database Ltd 1038,2018
664695,Country CT10: Land of The Final Version,Region RG18: We Will See Later,,Municipality MU24: Council of Last Minute Edits,,Postal area PA139: Hidden Sheet Sector,Postal code PC304: #REF! Delivery Route,,Address AD586: Cell Without a Home,,Excel Is Not A Database Ltd 78,2015
841686,Country CT10: Land of The Final Version,Region RG18: We Will See Later,,Municipality MU24: Council of Last Minute Edits,,Postal area PA139: Hidden Sheet Sector,,,Address AD585: Cell Without a Home,,Excel Is Not A Database Ltd 665,2015
756662,Country CT10: Land of The Final Version,Region RG31: We Will See Later,,Municipality MU138: Council of Last Minute Edits,,Postal area PA138: Hidden Sheet Sector,Postal code PC303: #REF! Delivery Route,Street ST390: Final Final Path,Address AD923: Cell Without a Home,,Excel Is Not A Database Ltd 739,2015
717096,Country CT10: Land of The Final Version,Region RG31: We Will See Later,,Municipality MU138: Council of Last Minute Edits,,Postal area PA138: Hidden Sheet Sector,,Street ST389: Ctrl Z Path,Address AD922: Cell Without a Home,,Excel Is Not A Database Ltd 937,2015
809371,Country CT10: Land of The Final Version,Region RG31: We Will See Later,,Municipality MU142: Council of Last Minute Edits,City CY360: Last Save Ridge,Postal area PA137: Hidden Sheet Sector,Postal code PC302: #REF! Delivery Route,Street ST398: Relative Reference Path,Address AD931: Cell Without a Home,,Excel Is Not A Database Ltd 1025,2024
343771,Country CT10: Land of The Final Version,Region RG31: We Will See Later,,Municipality MU142: Council of Last Minute Edits,,Postal area PA136: Hidden Sheet Sector,Postal code PC301: #REF! Delivery Route,Street ST396: Frozen Pane Path,Address AD929: Cell Without a Home,,Excel Is Not A Database Ltd 942,2015
122356,Country CT10: Land of The Final Version,Region RG31: We Will See Later,,Municipality MU142: Council of Last Minute Edits,City CY359: Spill Error Ridge,Postal area PA136: Hidden Sheet Sector,Postal code PC300: #REF! Delivery Route,Street ST395: AutoFill Path,Address AD928: Cell Without a Home,,Excel Is Not A Database Ltd 220,2017
718842,Country CT10: Land of The Final Version,Region RG31: We Will See Later,,Municipality MU142: Council of Last Minute Edits,,Postal area PA136: Hidden Sheet Sector,,Street ST394: Unsorted Path,Address AD927: Cell Without a Home,,Excel Is Not A Database Ltd 519,2015
837740,Country CT10: Land of The Final Version,Region RG31: We Will See Later,,Municipality MU142: Council of Last Minute Edits,City CY358: Cached Result Ridge,Postal area PA136: Hidden Sheet Sector,,Street ST397: Conditional Format Path,Address AD930: Cell Without a Home,,Excel Is Not A Database Ltd 420,2015
611282,Country CT10: Land of The Final Version,Region RG31: We Will See Later,,Municipality MU133: Council of Last Minute Edits,,Postal area PA135: Hidden Sheet Sector,Postal code PC299: #REF! Delivery Route,Street ST378: Duplicate Row Mews,Address AD906: Cell Without a Home,,Excel Is Not A Database Ltd 501,2017
698901,Country CT10: Land of The Final Version,Region RG31: We Will See Later,,Municipality MU133: Council of Last Minute Edits,City CY355: Merged Cell Ridge,Postal area PA134: Hidden Sheet Sector,,,Address AD905: Cell Without a Home,,Excel Is Not A Database Ltd 458,2015
561391,Country CT10: Land of The Final Version,Region RG31: We Will See Later,,Municipality MU133: Council of Last Minute Edits,,Postal area PA133: Hidden Sheet Sector,Postal code PC298: #REF! Delivery Route,Street ST377: Null Value Mews,Address AD904: Cell Without a Home,,Excel Is Not A Database Ltd 843,2015
687086,Country CT10: Land of The Final Version,Region RG31: We Will See Later,,Municipality MU133: Council of Last Minute Edits,,Postal area PA133: Hidden Sheet Sector,Postal code PC297: #REF! Delivery Route,,Address AD903: Cell Without a Home,,Excel Is Not A Database Ltd 520,2015
398130,Country CT10: Land of The Final Version,Region RG31: We Will See Later,,Municipality MU133: Council of Last Minute Edits,,Postal area PA133: Hidden Sheet Sector,Postal code PC296: #REF! Delivery Route,,Address AD902: Cell Without a Home,,Excel Is Not A Database Ltd 1077,2015
961869,Country CT10: Land of The Final Version,Region RG31: We Will See Later,,Municipality MU141: Council of Last Minute Edits,,Postal area PA132: Hidden Sheet Sector,Postal code PC295: #REF! Delivery Route,Street ST393: Missing Cell Path,Address AD926: Cell Without a Home,,Excel Is Not A Database Ltd 851,2022
514218,Country CT10: Land of The Final Version,Region RG31: We Will See Later,,Municipality MU143: Council of Last Minute Edits,,Postal area PA131: Hidden Sheet Sector,Postal code PC294: #REF! Delivery Route,,Address AD940: Cell Without a Home,,Excel Is Not A Database Ltd 621,2021
717185,Country CT10: Land of The Final Version,Region RG31: We Will See Later,,Municipality MU143: Council of Last Minute Edits,,Postal area PA131: Hidden Sheet Sector,Postal code PC293: #REF! Delivery Route,,Address AD939: Cell Without a Home,,Excel Is Not A Database Ltd 39,2017
436004,Country CT10: Land of The Final Version,Region RG31: We Will See Later,,Municipality MU132: Council of Last Minute Edits,City CY353: Null Value Ridge,Postal area PA130: Hidden Sheet Sector,Postal code PC292: #REF! Delivery Route,,Address AD900: Cell Without a Home,,Excel Is Not A Database Ltd 570,2017
396824,Country CT10: Land of The Final Version,Region RG31: We Will See Later,,Municipality MU143: Council of Last Minute Edits,City CY362: PowerPoint New Moor,Postal area PA129: Hidden Sheet Sector,Postal code PC291: #REF! Delivery Route,,Address AD937: Cell Without a Home,,Excel Is Not A Database Ltd 988,2022
215423,Country CT10: Land of The Final Version,Region RG31: We Will See Later,,Municipality MU143: Council of Last Minute Edits,City CY362: PowerPoint New Moor,Postal area PA129: Hidden Sheet Sector,Postal code PC290: #REF! Delivery Route,,Address AD938: Cell Without a Home,,Excel Is Not A Database Ltd 867,2015
116152,Country CT10: Land of The Final Version,Region RG31: We Will See Later,,Municipality MU143: Council of Last Minute Edits,,Postal area PA128: Hidden Sheet Sector,Postal code PC289: #REF! Delivery Route,Street ST402: Duplicate Row Path,Address AD936: Cell Without a Home,,Excel Is Not A Database Ltd 304,2015
181764,Country CT10: Land of The Final Version,Region RG31: We Will See Later,,Municipality MU143: Council of Last Minute Edits,,Postal area PA127: Hidden Sheet Sector,Postal code PC288: #REF! Delivery Route,Street ST400: Nested IF Path,Address AD934: Cell Without a Home,,Excel Is Not A Database Ltd 984,2015
969767,Country CT10: Land of The Final Version,Region RG31: We Will See Later,,Municipality MU143: Council of Last Minute Edits,City CY361: Where-less Query Moor,Postal area PA127: Hidden Sheet Sector,Postal code PC287: #REF! Delivery Route,Street ST401: Null Value Path,Address AD935: Cell Without a Home,,Excel Is Not A Database Ltd 445,2015
302995,Country CT10: Land of The Final Version,Region RG31: We Will See Later,,Municipality MU143: Council of Last Minute Edits,,Postal area PA127: Hidden Sheet Sector,Postal code PC286: #REF! Delivery Route,Street ST399: Absolute Reference Path,Address AD933: Cell Without a Home,,Excel Is Not A Database Ltd 637,2020
816609,Country CT10: Land of The Final Version,Region RG31: We Will See Later,,Municipality MU143: Council of Last Minute Edits,City CY363: VLOOKUP Moor,Postal area PA127: Hidden Sheet Sector,Postal code PC285: #REF! Delivery Route,,Address AD932: Cell Without a Home,,Excel Is Not A Database Ltd 765,2022
995830,Country CT10: Land of The Final Version,,,,,Postal area PA127: Hidden Sheet Sector,Postal code PC284: #REF! Delivery Route,Street ST494: Relative Reference Bridge,Address AD1086: Cell Without a Home,,Excel Is Not A Database Ltd 1089,2015
750739,Country CT10: Land of The Final Version,Region RG31: We Will See Later,,Municipality MU137: Council of Last Minute Edits,,Postal area PA126: Hidden Sheet Sector,Postal code PC283: #REF! Delivery Route,Street ST386: PowerPoint New Path,Address AD919: Cell Without a Home,,Excel Is Not A Database Ltd 413,2015
348777,Country CT10: Land of The Final Version,Region RG31: We Will See Later,,Municipality MU137: Council of Last Minute Edits,,Postal area PA126: Hidden Sheet Sector,Postal code PC282: #REF! Delivery Route,Street ST388: Pivot Table Path,Address AD921: Cell Without a Home,,Excel Is Not A Database Ltd 130,2015
158404,Country CT10: Land of The Final Version,Region RG31: We Will See Later,,Municipality MU137: Council of Last Minute Edits,,Postal area PA126: Hidden Sheet Sector,,Street ST387: VLOOKUP Path,Address AD920: Cell Without a Home,,Excel Is Not A Database Ltd 554,2015
404610,Country CT10: Land of The Final Version,,,,,Postal area PA126: Hidden Sheet Sector,,,Address AD1085: Cell Without a Home,,Excel Is Not A Database Ltd 718,2015
121562,Country CT10: Land of The Final Version,Region RG31: We Will See Later,,Municipality MU137: Council of Last Minute Edits,,Postal area PA125: Hidden Sheet Sector,Postal code PC281: #REF! Delivery Route,,Address AD916: Cell Without a Home,,Excel Is Not A Database Ltd 902,2015
843004,Country CT10: Land of The Final Version,Region RG31: We Will See Later,,Municipality MU137: Council of Last Minute Edits,,Postal area PA125: Hidden Sheet Sector,Postal code PC280: #REF! Delivery Route,Street ST385: Where-less Query Path,Address AD918: Cell Without a Home,,Excel Is Not A Database Ltd 635,2015
229401,Country CT10: Land of The Final Version,,,,,Postal area PA125: Hidden Sheet Sector,Postal code PC279: #REF! Delivery Route,Street ST493: Conditional Format Bridge,Address AD1084: Cell Without a Home,,Excel Is Not A Database Ltd 508,2015
892916,Country CT10: Land of The Final Version,Region RG31: We Will See Later,,Municipality MU137: Council of Last Minute Edits,,Postal area PA125: Hidden Sheet Sector,,Street ST384: Last Save Mews,Address AD917: Cell Without a Home,,Excel Is Not A Database Ltd 165,2015
321617,Country CT10: Land of The Final Version,Region RG31: We Will See Later,,Municipality MU137: Council of Last Minute Edits,,Postal area PA124: Hidden Sheet Sector,Postal code PC278: #REF! Delivery Route,Street ST383: Spill Error Mews,Address AD915: Cell Without a Home,,Excel Is Not A Database Ltd 536,2015
365720,Country CT10: Land of The Final Version,,,,,Postal area PA124: Hidden Sheet Sector,Postal code PC277: #REF! Delivery Route,,Address AD1083: Cell Without a Home,,Excel Is Not A Database Ltd 977,2015
924253,Country CT10: Land of The Final Version,,,,,Postal area PA123: Hidden Sheet Sector,,Street ST492: Frozen Pane Bridge,Address AD1082: Cell Without a Home,,Excel Is Not A Database Ltd 128,2015
551524,Country CT10: Land of The Final Version,Region RG31: We Will See Later,,Municipality MU137: Council of Last Minute Edits,,Postal area PA122: Hidden Sheet Sector,Postal code PC276: #REF! Delivery Route,Street ST382: Cached Result Mews,Address AD914: Cell Without a Home,,Excel Is Not A Database Ltd 1084,2015
359193,Country CT10: Land of The Final Version,Region RG18: We Will See Later,,Municipality MU31: Council of Last Minute Edits,,Postal area PA121: Hidden Sheet Sector,Postal code PC275: #REF! Delivery Route,,Address AD611: Cell Without a Home,,Excel Is Not A Database Ltd 657,2020
465859,Country CT10: Land of The Final Version,Region RG18: We Will See Later,,Municipality MU31: Council of Last Minute Edits,,Postal area PA121: Hidden Sheet Sector,Postal code PC274: #REF! Delivery Route,Street ST226: Unsorted Square,Address AD610: Cell Without a Home,,Excel Is Not A Database Ltd 1115,2015
504841,Country CT10: Land of The Final Version,,,,City CY411: VLOOKUP Port,Postal area PA121: Hidden Sheet Sector,Postal code PC274: #REF! Delivery Route,Street ST491: AutoFill Bridge,Address AD1081: Cell Without a Home,,Excel Is Not A Database Ltd 923,2015
275222,Country CT10: Land of The Final Version,Region RG18: We Will See Later,,Municipality MU31: Council of Last Minute Edits,,Postal area PA120: Hidden Sheet Sector,Postal code PC273: #REF! Delivery Route,Street ST225: Missing Cell Square,Address AD608: Cell Without a Home,,Excel Is Not A Database Ltd 1020,2023
316670,Country CT10: Land of The Final Version,Region RG18: We Will See Later,,Municipality MU31: Council of Last Minute Edits,City CY216: Last Save Hills,Postal area PA120: Hidden Sheet Sector,Postal code PC272: #REF! Delivery Route,,Address AD609: Cell Without a Home,,Excel Is Not A Database Ltd 716,2015
312846,Country CT5: Land of The Final Version,Region RG9: We Will See Later,,,,,Postal code PC44: #REF! Delivery Route,,Address AD38: Cell Without a Home,,Excel Is Not A Database Ltd 929,2021
652441,Country CT5: Land of The Final Version,Region RG9: We Will See Later,,,City CY13: Conditional Format Town,,Postal code PC45: #REF! Delivery Route,Street ST1: Where-less Query Street,Address AD35: Cell Without a Home,,Excel Is Not A Database Ltd 56,2021
819777,Country CT10: Land of The Final Version,Region RG18: We Will See Later,,Municipality MU28: Council of Last Minute Edits,,Postal area PA119: Hidden Sheet Sector,Postal code PC271: #REF! Delivery Route,Street ST219: VLOOKUP Square,Address AD598: Cell Without a Home,,Excel Is Not A Database Ltd 196,2015
433528,Country CT10: Land of The Final Version,Region RG18: We Will See Later,,Municipality MU28: Council of Last Minute Edits,City CY214: Cached Result Hills,Postal area PA119: Hidden Sheet Sector,Postal code PC270: #REF! Delivery Route,Street ST220: Pivot Table Square,Address AD602: Cell Without a Home,,Excel Is Not A Database Ltd 794,2015
636831,Country CT10: Land of The Final Version,Region RG18: We Will See Later,,Municipality MU28: Council of Last Minute Edits,,Postal area PA119: Hidden Sheet Sector,Postal code PC270: #REF! Delivery Route,Street ST221: Ctrl Z Square,Address AD601: Cell Without a Home,,Excel Is Not A Database Ltd 934,2016
826148,Country CT10: Land of The Final Version,Region RG18: We Will See Later,,Municipality MU28: Council of Last Minute Edits,City CY214: Cached Result Hills,Postal area PA119: Hidden Sheet Sector,Postal code PC269: #REF! Delivery Route,Street ST221: Ctrl Z Square,Address AD600: Cell Without a Home,,Excel Is Not A Database Ltd 1022,2021
868700,Country CT10: Land of The Final Version,Region RG18: We Will See Later,,Municipality MU28: Council of Last Minute Edits,,Postal area PA119: Hidden Sheet Sector,Postal code PC269: #REF! Delivery Route,,Address AD599: Cell Without a Home,,Excel Is Not A Database Ltd 682,2020
476575,Country CT10: Land of The Final Version,Region RG18: We Will See Later,,Municipality MU27: Council of Last Minute Edits,City CY213: Broken Formula Hills,Postal area PA119: Hidden Sheet Sector,,,Address AD597: Cell Without a Home,,Excel Is Not A Database Ltd 507,2015
287353,Country CT5: Land of The Final Version,Region RG12: We Will See Later,,,City CY25: Where-less Query Borough,,Postal code PC43: #REF! Delivery Route,,Address AD43: Cell Without a Home,,Excel Is Not A Database Ltd 1032,2020
324687,Country CT10: Land of The Final Version,Region RG18: We Will See Later,,Municipality MU25: Council of Last Minute Edits,City CY210: Duplicate Row Hills,Postal area PA118: Hidden Sheet Sector,Postal code PC268: #REF! Delivery Route,Street ST213: Broken Formula Drive,Address AD590: Cell Without a Home,,Excel Is Not A Database Ltd 719,2015
770471,Country CT5: Land of The Final Version,Region RG12: We Will See Later,,,City CY24: Last Save Town,,Postal code PC42: #REF! Delivery Route,Street ST4: Pivot Table Street,Address AD46: Cell Without a Home,,Excel Is Not A Database Ltd 946,2021
501942,Country CT10: Land of The Final Version,Region RG18: We Will See Later,,Municipality MU25: Council of Last Minute Edits,,Postal area PA117: Hidden Sheet Sector,Postal code PC267: #REF! Delivery Route,,Address AD589: Cell Without a Home,,Excel Is Not A Database Ltd 925,2016
852620,Country CT10: Land of The Final Version,Region RG18: We Will See Later,,Municipality MU25: Council of Last Minute Edits,,Postal area PA117: Hidden Sheet Sector,,Street ST212: Filtered View Drive,Address AD588: Cell Without a Home,,Excel Is Not A Database Ltd 94,2015
373248,Country CT5: Land of The Final Version,Region RG9: We Will See Later,,,,,Postal code PC41: #REF! Delivery Route,,Address AD33: Cell Without a Home,,Excel Is Not A Database Ltd 213,2025
726019,Country CT10: Land of The Final Version,Region RG18: We Will See Later,,Municipality MU20: Council of Last Minute Edits,,Postal area PA116: Hidden Sheet Sector,Postal code PC266: #REF! Delivery Route,Street ST206: Relative Reference Drive,Address AD575: Cell Without a Home,,Excel Is Not A Database Ltd 948,2015
465349,Country CT10: Land of The Final Version,Region RG18: We Will See Later,,Municipality MU20: Council of Last Minute Edits,City CY202: Unsorted Hills,Postal area PA116: Hidden Sheet Sector,,Street ST207: Absolute Reference Drive,Address AD576: Cell Without a Home,,Excel Is Not A Database Ltd 708,2015
512551,Country CT5: Land of The Final Version,Region RG9: We Will See Later,,,,,Postal code PC40: #REF! Delivery Route,,Address AD22: Cell Without a Home,,Excel Is Not A Database Ltd 1040,2023
558256,Country CT10: Land of The Final Version,Region RG18: We Will See Later,,Municipality MU34: Council of Last Minute Edits,,Postal area PA115: Hidden Sheet Sector,Postal code PC265: #REF! Delivery Route,Street ST232: Nested IF Square,Address AD622: Cell Without a Home,,Excel Is Not A Database Ltd 565,2015
444839,Country CT10: Land of The Final Version,Region RG18: We Will See Later,,Municipality MU34: Council of Last Minute Edits,City CY220: Pivot Table Village,Postal area PA115: Hidden Sheet Sector,Postal code PC264: #REF! Delivery Route,Street ST231: Absolute Reference Square,Address AD621: Cell Without a Home,,Excel Is Not A Database Ltd 281,2019
321297,Country CT10: Land of The Final Version,Region RG18: We Will See Later,,Municipality MU34: Council of Last Minute Edits,City CY219: VLOOKUP Village,Postal area PA115: Hidden Sheet Sector,Postal code PC263: #REF! Delivery Route,Street ST233: Null Value Square,Address AD624: Cell Without a Home,,Excel Is Not A Database Ltd 222,2015
687007,Country CT10: Land of The Final Version,Region RG18: We Will See Later,,Municipality MU34: Council of Last Minute Edits,City CY221: Ctrl Z Village,Postal area PA115: Hidden Sheet Sector,Postal code PC262: #REF! Delivery Route,,Address AD623: Cell Without a Home,,Excel Is Not A Database Ltd 118,2015
320324,Country CT10: Land of The Final Version,Region RG18: We Will See Later,,Municipality MU34: Council of Last Minute Edits,,Postal area PA115: Hidden Sheet Sector,,Street ST230: Relative Reference Square,Address AD620: Cell Without a Home,,Excel Is Not A Database Ltd 986,2015
702119,Country CT5: Land of The Final Version,Region RG9: We Will See Later,,,City CY18: Duplicate Row Town,,Postal code PC39: #REF! Delivery Route,,Address AD39: Cell Without a Home,,Excel Is Not A Database Ltd 962,2023
989845,Country CT5: Land of The Final Version,Region RG12: We Will See Later,,,City CY22: Cached Result Town,,Postal code PC38: #REF! Delivery Route,,Address AD45: Cell Without a Home,,Excel Is Not A Database Ltd 403,2019
334782,Country CT10: Land of The Final Version,Region RG18: We Will See Later,,Municipality MU26: Council of Last Minute Edits,City CY212: Filtered View Hills,Postal area PA114: Hidden Sheet Sector,Postal code PC261: #REF! Delivery Route,Street ST215: Spill Error Drive,Address AD594: Cell Without a Home,,Excel Is Not A Database Ltd 930,2015
231464,Country CT10: Land of The Final Version,Region RG18: We Will See Later,,Municipality MU26: Council of Last Minute Edits,City CY212: Filtered View Hills,Postal area PA114: Hidden Sheet Sector,Postal code PC260: #REF! Delivery Route,Street ST216: Last Save Drive,Address AD595: Cell Without a Home,,Excel Is Not A Database Ltd 491,2018
981799,Country CT10: Land of The Final Version,Region RG18: We Will See Later,,Municipality MU26: Council of Last Minute Edits,City CY212: Filtered View Hills,Postal area PA114: Hidden Sheet Sector,Postal code PC259: #REF! Delivery Route,Street ST214: Cached Result Drive,Address AD591: Cell Without a Home,,Excel Is Not A Database Ltd 161,2015
799933,Country CT10: Land of The Final Version,,,,,Postal area PA114: Hidden Sheet Sector,Postal code PC258: #REF! Delivery Route,Street ST490: Unsorted Bridge,Address AD1080: Cell Without a Home,,Excel Is Not A Database Ltd 940,2015
907336,Country CT10: Land of The Final Version,Region RG18: We Will See Later,,Municipality MU26: Council of Last Minute Edits,,Postal area PA114: Hidden Sheet Sector,Postal code PC257: #REF! Delivery Route,Street ST218: PowerPoint New Square,Address AD596: Cell Without a Home,,Excel Is Not A Database Ltd 1085,2015
639379,Country CT10: Land of The Final Version,Region RG18: We Will See Later,,Municipality MU26: Council of Last Minute Edits,,Postal area PA114: Hidden Sheet Sector,Postal code PC256: #REF! Delivery Route,,Address AD592: Cell Without a Home,,Excel Is Not A Database Ltd 154,2015
764109,Country CT10: Land of The Final Version,Region RG18: We Will See Later,,Municipality MU26: Council of Last Minute Edits,City CY211: Merged Cell Hills,Postal area PA114: Hidden Sheet Sector,Postal code PC255: #REF! Delivery Route,Street ST217: Where-less Query Square,Address AD593: Cell Without a Home,,Excel Is Not A Database Ltd 290,2017
600339,Country CT10: Land of The Final Version,,,,City CY410: PowerPoint New Port,Postal area PA114: Hidden Sheet Sector,,Street ST489: Missing Cell Bridge,Address AD1079: Cell Without a Home,,Excel Is Not A Database Ltd 155,2015
400536,Country CT5: Land of The Final Version,Region RG9: We Will See Later,,,City CY17: Null Value Town,,Postal code PC37: #REF! Delivery Route,,Address AD37: Cell Without a Home,,Excel Is Not A Database Ltd 325,2018
429582,Country CT5: Land of The Final Version,Region RG12: We Will See Later,,,City CY23: Spill Error Town,,Postal code PC36: #REF! Delivery Route,Street ST3: VLOOKUP Street,Address AD42: Cell Without a Home,,Excel Is Not A Database Ltd 354,2020
637414,Country CT5: Land of The Final Version,,,,,,Postal code PC35: #REF! Delivery Route,,Address AD49: Cell Without a Home,,Excel Is Not A Database Ltd 630,2026
340050,Country CT10: Land of The Final Version,Region RG18: We Will See Later,,Municipality MU22: Council of Last Minute Edits,City CY205: Conditional Format Hills,Postal area PA113: Hidden Sheet Sector,Postal code PC254: #REF! Delivery Route,Street ST211: Merged Cell Drive,Address AD582: Cell Without a Home,,Excel Is Not A Database Ltd 893,2016
473647,Country CT5: Land of The Final Version,Region RG12: We Will See Later,,,City CY21: Broken Formula Town,,Postal code PC34: #REF! Delivery Route,,Address AD44: Cell Without a Home,,Excel Is Not A Database Ltd 423,2023
140182,Country CT10: Land of The Final Version,Region RG18: We Will See Later,,Municipality MU22: Council of Last Minute Edits,,Postal area PA113: Hidden Sheet Sector,Postal code PC253: #REF! Delivery Route,Street ST209: Null Value Drive,Address AD578: Cell Without a Home,,Excel Is Not A Database Ltd 203,2015
953493,Country CT10: Land of The Final Version,Region RG18: We Will See Later,,Municipality MU22: Council of Last Minute Edits,City CY203: AutoFill Hills,Postal area PA113: Hidden Sheet Sector,,,Address AD580: Cell Without a Home,,Excel Is Not A Database Ltd 801,2015
258961,Country CT10: Land of The Final Version,Region RG18: We Will See Later,,Municipality MU22: Council of Last Minute Edits,City CY204: Frozen Pane Hills,Postal area PA113: Hidden Sheet Sector,,Street ST210: Duplicate Row Drive,Address AD581: Cell Without a Home,,Excel Is Not A Database Ltd 667,2015
312037,Country CT10: Land of The Final Version,Region RG18: We Will See Later,,Municipality MU22: Council of Last Minute Edits,City CY206: Relative Reference Hills,Postal area PA113: Hidden Sheet Sector,,,Address AD579: Cell Without a Home,,Excel Is Not A Database Ltd 1063,2015
670838,Country CT10: Land of The Final Version,,,,City CY409: Where-less Query Port,Postal area PA113: Hidden Sheet Sector,,,Address AD1078: Cell Without a Home,,Excel Is Not A Database Ltd 1059,2015
244448,Country CT10: Land of The Final Version,Region RG18: We Will See Later,,Municipality MU21: Council of Last Minute Edits,,Postal area PA112: Hidden Sheet Sector,Postal code PC252: #REF! Delivery Route,Street ST208: Nested IF Drive,Address AD577: Cell Without a Home,,Excel Is Not A Database Ltd 992,2017
180955,Country CT10: Land of The Final Version,Region RG18: We Will See Later,,Municipality MU30: Council of Last Minute Edits,City CY215: Spill Error Hills,Postal area PA111: Hidden Sheet Sector,Postal code PC251: #REF! Delivery Route,,Address AD607: Cell Without a Home,,Excel Is Not A Database Ltd 745,2017
951215,Country CT10: Land of The Final Version,Region RG18: We Will See Later,,Municipality MU19: Council of Last Minute Edits,,Postal area PA110: Hidden Sheet Sector,Postal code PC250: #REF! Delivery Route,,Address AD567: Cell Without a Home,,Excel Is Not A Database Ltd 660,2015
805762,Country CT10: Land of The Final Version,Region RG18: We Will See Later,,Municipality MU19: Council of Last Minute Edits,,Postal area PA110: Hidden Sheet Sector,Postal code PC249: #REF! Delivery Route,Street ST204: Frozen Pane Drive,Address AD573: Cell Without a Home,,Excel Is Not A Database Ltd 1031,2015
971351,Country CT10: Land of The Final Version,Region RG18: We Will See Later,,Municipality MU19: Council of Last Minute Edits,,Postal area PA110: Hidden Sheet Sector,Postal code PC248: #REF! Delivery Route,Street ST203: AutoFill Drive,Address AD572: Cell Without a Home,,Excel Is Not A Database Ltd 388,2015
489220,Country CT10: Land of The Final Version,Region RG18: We Will See Later,,Municipality MU19: Council of Last Minute Edits,City CY201: Missing Cell Hills,Postal area PA110: Hidden Sheet Sector,Postal code PC247: #REF! Delivery Route,,Address AD570: Cell Without a Home,,Excel Is Not A Database Ltd 396,2022
385169,Country CT10: Land of The Final Version,Region RG18: We Will See Later,,Municipality MU19: Council of Last Minute Edits,,Postal area PA110: Hidden Sheet Sector,Postal code PC246: #REF! Delivery Route,,Address AD568: Cell Without a Home,,Excel Is Not A Database Ltd 12,2022
108916,Country CT10: Land of The Final Version,Region RG18: We Will See Later,,Municipality MU19: Council of Last Minute Edits,,Postal area PA110: Hidden Sheet Sector,Postal code PC245: #REF! Delivery Route,,Address AD571: Cell Without a Home,,Excel Is Not A Database Ltd 401,2015
784165,Country CT10: Land of The Final Version,Region RG18: We Will See Later,,Municipality MU19: Council of Last Minute Edits,,Postal area PA110: Hidden Sheet Sector,Postal code PC245: #REF! Delivery Route,Street ST205: Conditional Format Drive,Address AD574: Cell Without a Home,,Excel Is Not A Database Ltd 95,2016
712439,Country CT10: Land of The Final Version,Region RG18: We Will See Later,,Municipality MU19: Council of Last Minute Edits,City CY200: Circular Reference Hills,Postal area PA110: Hidden Sheet Sector,,,Address AD569: Cell Without a Home,,Excel Is Not A Database Ltd 560,2015
163163,Country CT10: Land of The Final Version,Region RG18: We Will See Later,,Municipality MU33: Council of Last Minute Edits,,Postal area PA109: Hidden Sheet Sector,Postal code PC244: #REF! Delivery Route,,Address AD619: Cell Without a Home,,Excel Is Not A Database Ltd 393,2015
927711,Country CT10: Land of The Final Version,Region RG18: We Will See Later,,Municipality MU35: Council of Last Minute Edits,,Postal area PA108: Hidden Sheet Sector,Postal code PC243: #REF! Delivery Route,Street ST234: Duplicate Row Square,Address AD625: Cell Without a Home,,Excel Is Not A Database Ltd 289,2015
677940,Country CT10: Land of The Final Version,Region RG18: We Will See Later,,Municipality MU29: Council of Last Minute Edits,,Postal area PA107: Hidden Sheet Sector,Postal code PC242: #REF! Delivery Route,Street ST223: Hidden Sheet Square,Address AD604: Cell Without a Home,,Excel Is Not A Database Ltd 968,2015
998870,Country CT10: Land of The Final Version,Region RG18: We Will See Later,,Municipality MU29: Council of Last Minute Edits,,Postal area PA107: Hidden Sheet Sector,Postal code PC241: #REF! Delivery Route,,Address AD606: Cell Without a Home,,Excel Is Not A Database Ltd 965,2022
476441,Country CT10: Land of The Final Version,Region RG18: We Will See Later,,Municipality MU29: Council of Last Minute Edits,,Postal area PA107: Hidden Sheet Sector,,Street ST224: Circular Reference Square,Address AD605: Cell Without a Home,,Excel Is Not A Database Ltd 899,2015
119432,Country CT10: Land of The Final Version,,,,,Postal area PA107: Hidden Sheet Sector,,Street ST488: Circular Reference Bridge,Address AD1077: Cell Without a Home,,Excel Is Not A Database Ltd 774,2015
744919,Country CT10: Land of The Final Version,Region RG18: We Will See Later,,Municipality MU29: Council of Last Minute Edits,,Postal area PA106: Hidden Sheet Sector,Postal code PC240: #REF! Delivery Route,Street ST222: Final Final Square,Address AD603: Cell Without a Home,,Excel Is Not A Database Ltd 768,2015
520021,Country CT10: Land of The Final Version,Region RG18: We Will See Later,,Municipality MU32: Council of Last Minute Edits,,Postal area PA106: Hidden Sheet Sector,Postal code PC239: #REF! Delivery Route,Street ST227: AutoFill Square,Address AD612: Cell Without a Home,,Excel Is Not A Database Ltd 80,2015
282066,Country CT5: Land of The Final Version,,,,City CY30: Final Final Borough,,Postal code PC33: #REF! Delivery Route,,Address AD53: Cell Without a Home,,Excel Is Not A Database Ltd 359,2022
591678,Country CT10: Land of The Final Version,Region RG36: We Will See Later,,Municipality MU179: Council of Last Minute Edits,,Postal area PA105: Hidden Sheet Sector,Postal code PC238: #REF! Delivery Route,Street ST458: PowerPoint New Rise,Address AD1021: Cell Without a Home,,Excel Is Not A Database Ltd 187,2015
763456,Country CT10: Land of The Final Version,Region RG36: We Will See Later,,Municipality MU178: Council of Last Minute Edits,,Postal area PA104: Hidden Sheet Sector,Postal code PC237: #REF! Delivery Route,Street ST457: Where-less Query Rise,Address AD1020: Cell Without a Home,,Excel Is Not A Database Ltd 473,2015
352876,Country CT5: Land of The Final Version,Region RG11: We Will See Later,,,City CY20: Filtered View Town,,Postal code PC32: #REF! Delivery Route,,Address AD41: Cell Without a Home,,Excel Is Not A Database Ltd 744,2019
880399,Country CT5: Land of The Final Version,Region RG9: We Will See Later,,,City CY15: Absolute Reference Town,,Postal code PC31: #REF! Delivery Route,,Address AD36: Cell Without a Home,,Excel Is Not A Database Ltd 1118,2019
217858,Country CT5: Land of The Final Version,Region RG9: We Will See Later,,,City CY12: Frozen Pane Town,,Postal code PC30: #REF! Delivery Route,,Address AD25: Cell Without a Home,,Excel Is Not A Database Ltd 434,2025
386654,Country CT5: Land of The Final Version,Region RG9: We Will See Later,,,,,Postal code PC29: #REF! Delivery Route,,Address AD26: Cell Without a Home,,Excel Is Not A Database Ltd 402,2021
622444,Country CT5: Land of The Final Version,Region RG9: We Will See Later,,,,,Postal code PC28: #REF! Delivery Route,,Address AD29: Cell Without a Home,,Excel Is Not A Database Ltd 276,2021
297169,Country CT5: Land of The Final Version,Region RG9: We Will See Later,,,City CY14: Relative Reference Town,,Postal code PC27: #REF! Delivery Route,,Address AD30: Cell Without a Home,,Excel Is Not A Database Ltd 438,2018
773433,Country CT5: Land of The Final Version,Region RG9: We Will See Later,,,,,Postal code PC26: #REF! Delivery Route,,Address AD34: Cell Without a Home,,Excel Is Not A Database Ltd 881,2020
641947,Country CT5: Land of The Final Version,Region RG9: We Will See Later,,,City CY11: AutoFill Town,,Postal code PC25: #REF! Delivery Route,,Address AD24: Cell Without a Home,,Excel Is Not A Database Ltd 538,2019
683049,Country CT5: Land of The Final Version,Region RG9: We Will See Later,,,City CY14: Relative Reference Town,,Postal code PC24: #REF! Delivery Route,,Address AD21: Cell Without a Home,,Excel Is Not A Database Ltd 316,2021
254086,Country CT5: Land of The Final Version,,,,City CY29: Ctrl Z Borough,,Postal code PC24: #REF! Delivery Route,Street ST5: Ctrl Z Street,Address AD52: Cell Without a Home,,Excel Is Not A Database Ltd 522,2025
732980,Country CT10: Land of The Final Version,Region RG36: We Will See Later,,Municipality MU177: Council of Last Minute Edits,City CY399: Absolute Reference Dale,Postal area PA103: Hidden Sheet Sector,Postal code PC236: #REF! Delivery Route,Street ST456: Last Save Loop,Address AD1019: Cell Without a Home,,Excel Is Not A Database Ltd 549,2016
795676,Country CT5: Land of The Final Version,Region RG9: We Will See Later,,,,,Postal code PC23: #REF! Delivery Route,,Address AD28: Cell Without a Home,,Excel Is Not A Database Ltd 562,2019
807493,Country CT5: Land of The Final Version,Region RG9: We Will See Later,,,,,Postal code PC22: #REF! Delivery Route,,Address AD31: Cell Without a Home,,Excel Is Not A Database Ltd 790,2019
382469,Country CT5: Land of The Final Version,Region RG9: We Will See Later,,,,,Postal code PC21: #REF! Delivery Route,,Address AD27: Cell Without a Home,,Excel Is Not A Database Ltd 1037,2020
503785,Country CT10: Land of The Final Version,Region RG36: We Will See Later,,Municipality MU183: Council of Last Minute Edits,City CY401: Null Value Dale,Postal area PA102: Hidden Sheet Sector,,,Address AD1027: Cell Without a Home,,Excel Is Not A Database Ltd 104,2015
441701,Country CT5: Land of The Final Version,Region RG9: We Will See Later,,,City CY16: Nested IF Town,,Postal code PC20: #REF! Delivery Route,Street ST2: PowerPoint New Street,Address AD32: Cell Without a Home,,Excel Is Not A Database Ltd 757,2026
531725,Country CT5: Land of The Final Version,Region RG9: We Will See Later,,,,,Postal code PC19: #REF! Delivery Route,,Address AD23: Cell Without a Home,,Excel Is Not A Database Ltd 414,2020
554525,Country CT10: Land of The Final Version,Region RG36: We Will See Later,,Municipality MU183: Council of Last Minute Edits,,Postal area PA101: Hidden Sheet Sector,Postal code PC235: #REF! Delivery Route,,Address AD1026: Cell Without a Home,,Excel Is Not A Database Ltd 725,2017
848594,Country CT10: Land of The Final Version,Region RG36: We Will See Later,,Municipality MU183: Council of Last Minute Edits,,Postal area PA101: Hidden Sheet Sector,Postal code PC234: #REF! Delivery Route,Street ST460: Pivot Table Rise,Address AD1025: Cell Without a Home,,Excel Is Not A Database Ltd 225,2016
932710,Country CT10: Land of The Final Version,Region RG36: We Will See Later,,Municipality MU182: Council of Last Minute Edits,City CY400: Nested IF Dale,Postal area PA100: Hidden Sheet Sector,Postal code PC233: #REF! Delivery Route,,Address AD1024: Cell Without a Home,,Excel Is Not A Database Ltd 1098,2016
501907,Country CT10: Land of The Final Version,Region RG36: We Will See Later,,Municipality MU180: Council of Last Minute Edits,,Postal area PA99: Hidden Sheet Sector,,,Address AD1022: Cell Without a Home,,Excel Is Not A Database Ltd 755,2018
589865,Country CT10: Land of The Final Version,Region RG23: We Will See Later,,Municipality MU74: Council of Last Minute Edits,,Postal area PA98: Hidden Sheet Sector,Postal code PC232: #REF! Delivery Route,Street ST294: Final Final Terrace,Address AD740: Cell Without a Home,,Excel Is Not A Database Ltd 1017,2018
677885,Country CT10: Land of The Final Version,Region RG23: We Will See Later,,Municipality MU74: Council of Last Minute Edits,City CY274: Unsorted Falls,Postal area PA97: Hidden Sheet Sector,Postal code PC231: #REF! Delivery Route,Street ST293: Ctrl Z Terrace,Address AD739: Cell Without a Home,,Excel Is Not A Database Ltd 696,2021
897638,Country CT10: Land of The Final Version,Region RG23: We Will See Later,,Municipality MU75: Council of Last Minute Edits,City CY275: AutoFill Falls,Postal area PA96: Hidden Sheet Sector,Postal code PC230: #REF! Delivery Route,Street ST296: Circular Reference Terrace,Address AD743: Cell Without a Home,,Excel Is Not A Database Ltd 863,2021
761049,Country CT10: Land of The Final Version,Region RG23: We Will See Later,,Municipality MU75: Council of Last Minute Edits,City CY275: AutoFill Falls,Postal area PA96: Hidden Sheet Sector,Postal code PC230: #REF! Delivery Route,Street ST295: Hidden Sheet Terrace,Address AD742: Cell Without a Home,,Excel Is Not A Database Ltd 75,2017
382145,Country CT10: Land of The Final Version,Region RG23: We Will See Later,,Municipality MU75: Council of Last Minute Edits,City CY275: AutoFill Falls,Postal area PA96: Hidden Sheet Sector,Postal code PC230: #REF! Delivery Route,,Address AD741: Cell Without a Home,,Excel Is Not A Database Ltd 798,2016
684904,Country CT10: Land of The Final Version,Region RG23: We Will See Later,,Municipality MU77: Council of Last Minute Edits,City CY276: Frozen Pane Falls,Postal area PA95: Hidden Sheet Sector,Postal code PC229: #REF! Delivery Route,Street ST297: Missing Cell Terrace,Address AD744: Cell Without a Home,,Excel Is Not A Database Ltd 173,2022
204292,Country CT5: Land of The Final Version,Region RG3: We Will See Later,,,City CY5: Ctrl Z Town,,Postal code PC18: #REF! Delivery Route,,Address AD10: Cell Without a Home,,Excel Is Not A Database Ltd 228,2022
630646,Country CT5: Land of The Final Version,Region RG3: We Will See Later,,,,,Postal code PC17: #REF! Delivery Route,,Address AD9: Cell Without a Home,,Excel Is Not A Database Ltd 1019,2020
498578,Country CT10: Land of The Final Version,Region RG23: We Will See Later,,Municipality MU66: Council of Last Minute Edits,,Postal area PA94: Hidden Sheet Sector,Postal code PC228: #REF! Delivery Route,Street ST266: PowerPoint New Junction,Address AD686: Cell Without a Home,,Excel Is Not A Database Ltd 764,2021
870171,Country CT10: Land of The Final Version,Region RG27: We Will See Later,,Municipality MU106: Council of Last Minute Edits,,Postal area PA93: Hidden Sheet Sector,Postal code PC227: #REF! Delivery Route,,Address AD800: Cell Without a Home,,Excel Is Not A Database Ltd 241,2015
213528,Country CT10: Land of The Final Version,Region RG27: We Will See Later,,Municipality MU103: Council of Last Minute Edits,City CY296: Circular Reference Junction,Postal area PA92: Hidden Sheet Sector,Postal code PC226: #REF! Delivery Route,Street ST317: Ctrl Z Boulevard,Address AD787: Cell Without a Home,,Excel Is Not A Database Ltd 575,2024
814619,Country CT10: Land of The Final Version,Region RG27: We Will See Later,,Municipality MU103: Council of Last Minute Edits,,Postal area PA92: Hidden Sheet Sector,Postal code PC225: #REF! Delivery Route,,Address AD786: Cell Without a Home,,Excel Is Not A Database Ltd 676,2015
331689,Country CT10: Land of The Final Version,Region RG27: We Will See Later,,Municipality MU100: Council of Last Minute Edits,,Postal area PA91: Hidden Sheet Sector,Postal code PC224: #REF! Delivery Route,Street ST313: Where-less Query Boulevard,Address AD780: Cell Without a Home,,Excel Is Not A Database Ltd 584,2017
616557,Country CT10: Land of The Final Version,Region RG27: We Will See Later,,Municipality MU100: Council of Last Minute Edits,City CY294: Final Final Junction,Postal area PA91: Hidden Sheet Sector,,,Address AD781: Cell Without a Home,,Excel Is Not A Database Ltd 800,2015
177399,Country CT10: Land of The Final Version,Region RG23: We Will See Later,,Municipality MU71: Council of Last Minute Edits,City CY270: Final Final Falls,Postal area PA90: Hidden Sheet Sector,Postal code PC223: #REF! Delivery Route,,Address AD729: Cell Without a Home,,Excel Is Not A Database Ltd 675,2021
727448,Country CT10: Land of The Final Version,Region RG23: We Will See Later,,Municipality MU71: Council of Last Minute Edits,,Postal area PA90: Hidden Sheet Sector,Postal code PC222: #REF! Delivery Route,,Address AD730: Cell Without a Home,,Excel Is Not A Database Ltd 892,2015
360682,Country CT10: Land of The Final Version,Region RG23: We Will See Later,,Municipality MU69: Council of Last Minute Edits,,Postal area PA89: Hidden Sheet Sector,Postal code PC221: #REF! Delivery Route,,Address AD697: Cell Without a Home,,Excel Is Not A Database Ltd 145,2024
654276,Country CT10: Land of The Final Version,Region RG23: We Will See Later,,Municipality MU69: Council of Last Minute Edits,City CY255: Absolute Reference Point,Postal area PA89: Hidden Sheet Sector,Postal code PC220: #REF! Delivery Route,Street ST272: Circular Reference Junction,Address AD698: Cell Without a Home,,Excel Is Not A Database Ltd 1125,2025
501772,Country CT10: Land of The Final Version,Region RG23: We Will See Later,,Municipality MU69: Council of Last Minute Edits,,Postal area PA89: Hidden Sheet Sector,,Street ST273: Missing Cell Junction,Address AD699: Cell Without a Home,,Excel Is Not A Database Ltd 297,2015
856138,Country CT10: Land of The Final Version,Region RG23: We Will See Later,,Municipality MU73: Council of Last Minute Edits,,Postal area PA88: Hidden Sheet Sector,Postal code PC219: #REF! Delivery Route,,Address AD735: Cell Without a Home,,Excel Is Not A Database Ltd 1080,2015
954058,Country CT10: Land of The Final Version,Region RG23: We Will See Later,,Municipality MU73: Council of Last Minute Edits,,Postal area PA88: Hidden Sheet Sector,Postal code PC218: #REF! Delivery Route,Street ST292: Pivot Table Terrace,Address AD738: Cell Without a Home,,Excel Is Not A Database Ltd 358,2019
688317,Country CT10: Land of The Final Version,Region RG23: We Will See Later,,Municipality MU73: Council of Last Minute Edits,City CY273: Missing Cell Falls,Postal area PA88: Hidden Sheet Sector,Postal code PC217: #REF! Delivery Route,,Address AD737: Cell Without a Home,,Excel Is Not A Database Ltd 933,2023
990158,Country CT10: Land of The Final Version,Region RG23: We Will See Later,,Municipality MU73: Council of Last Minute Edits,,Postal area PA88: Hidden Sheet Sector,,,Address AD736: Cell Without a Home,,Excel Is Not A Database Ltd 817,2015
877263,Country CT10: Land of The Final Version,Region RG23: We Will See Later,,Municipality MU76: Council of Last Minute Edits,,Postal area PA87: Hidden Sheet Sector,Postal code PC216: #REF! Delivery Route,,,,Excel Is Not A Database Ltd 964,2018
695070,Country CT10: Land of The Final Version,Region RG27: We Will See Later,,Municipality MU108: Council of Last Minute Edits,,Postal area PA86: Hidden Sheet Sector,Postal code PC215: #REF! Delivery Route,,Address AD812: Cell Without a Home,,Excel Is Not A Database Ltd 873,2015
649773,Country CT10: Land of The Final Version,Region RG27: We Will See Later,,Municipality MU108: Council of Last Minute Edits,City CY307: Merged Cell Junction,Postal area PA86: Hidden Sheet Sector,Postal code PC214: #REF! Delivery Route,,Address AD813: Cell Without a Home,,Excel Is Not A Database Ltd 1002,2015
976841,Country CT10: Land of The Final Version,Region RG27: We Will See Later,,Municipality MU108: Council of Last Minute Edits,City CY308: Filtered View Junction,Postal area PA85: Hidden Sheet Sector,Postal code PC213: #REF! Delivery Route,Street ST328: Nested IF Boulevard,Address AD811: Cell Without a Home,,Excel Is Not A Database Ltd 506,2020
587016,Country CT10: Land of The Final Version,Region RG27: We Will See Later,,Municipality MU108: Council of Last Minute Edits,,Postal area PA85: Hidden Sheet Sector,Postal code PC212: #REF! Delivery Route,Street ST327: Absolute Reference Boulevard,Address AD810: Cell Without a Home,,Excel Is Not A Database Ltd 106,2015
239651,Country CT10: Land of The Final Version,Region RG27: We Will See Later,,Municipality MU108: Council of Last Minute Edits,,Postal area PA85: Hidden Sheet Sector,Postal code PC211: #REF! Delivery Route,Street ST326: Relative Reference Boulevard,Address AD807: Cell Without a Home,,Excel Is Not A Database Ltd 623,2017
204256,Country CT10: Land of The Final Version,Region RG27: We Will See Later,,Municipality MU108: Council of Last Minute Edits,,Postal area PA85: Hidden Sheet Sector,Postal code PC210: #REF! Delivery Route,,Address AD808: Cell Without a Home,,Excel Is Not A Database Ltd 987,2020
578765,Country CT10: Land of The Final Version,Region RG27: We Will See Later,,Municipality MU108: Council of Last Minute Edits,City CY306: Duplicate Row Junction,Postal area PA85: Hidden Sheet Sector,Postal code PC210: #REF! Delivery Route,,Address AD809: Cell Without a Home,,Excel Is Not A Database Ltd 443,2015
490382,Country CT1: Land of The Final Version,,,,,,Postal code PC1: #REF! Delivery Route,,Address AD1: Cell Without a Home,,Excel Is Not A Database Ltd 490,2019
140272,Country CT10: Land of The Final Version,,,,,Postal area PA84: Hidden Sheet Sector,Postal code PC209: #REF! Delivery Route,Street ST486: Final Final Bridge,Address AD1076: Cell Without a Home,,Excel Is Not A Database Ltd 805,2015
608208,Country CT10: Land of The Final Version,Region RG23: We Will See Later,,Municipality MU70: Council of Last Minute Edits,City CY267: VLOOKUP Falls,Postal area PA84: Hidden Sheet Sector,Postal code PC208: #REF! Delivery Route,Street ST283: Merged Cell Junction,Address AD721: Cell Without a Home,,Excel Is Not A Database Ltd 483,2016
659175,Country CT10: Land of The Final Version,,,,,Postal area PA84: Hidden Sheet Sector,Postal code PC207: #REF! Delivery Route,Street ST485: Ctrl Z Bridge,Address AD1075: Cell Without a Home,,Excel Is Not A Database Ltd 7,2015
928250,Country CT10: Land of The Final Version,Region RG23: We Will See Later,,Municipality MU70: Council of Last Minute Edits,,Postal area PA84: Hidden Sheet Sector,Postal code PC206: #REF! Delivery Route,Street ST284: Filtered View Junction,Address AD726: Cell Without a Home,,Excel Is Not A Database Ltd 485,2026
131615,Country CT10: Land of The Final Version,Region RG23: We Will See Later,,Municipality MU70: Council of Last Minute Edits,,Postal area PA84: Hidden Sheet Sector,Postal code PC206: #REF! Delivery Route,Street ST284: Filtered View Junction,Address AD726: Cell Without a Home,,Excel Is Not A Database Ltd 499,2019
654527,Country CT10: Land of The Final Version,,,,,Postal area PA84: Hidden Sheet Sector,Postal code PC205: #REF! Delivery Route,Street ST484: Pivot Table Bridge,Address AD1073: Cell Without a Home,,Excel Is Not A Database Ltd 681,2015
519184,Country CT10: Land of The Final Version,Region RG23: We Will See Later,,Municipality MU70: Council of Last Minute Edits,,Postal area PA84: Hidden Sheet Sector,Postal code PC204: #REF! Delivery Route,,Address AD724: Cell Without a Home,,Excel Is Not A Database Ltd 32,2015
315758,Country CT10: Land of The Final Version,Region RG23: We Will See Later,,Municipality MU70: Council of Last Minute Edits,,Postal area PA84: Hidden Sheet Sector,Postal code PC204: #REF! Delivery Route,,Address AD725: Cell Without a Home,,Excel Is Not A Database Ltd 43,2015
370642,Country CT10: Land of The Final Version,Region RG23: We Will See Later,,Municipality MU70: Council of Last Minute Edits,City CY269: Ctrl Z Falls,Postal area PA84: Hidden Sheet Sector,Postal code PC203: #REF! Delivery Route,Street ST282: Duplicate Row Junction,Address AD719: Cell Without a Home,,Excel Is Not A Database Ltd 164,2021
764153,Country CT10: Land of The Final Version,Region RG23: We Will See Later,,Municipality MU70: Council of Last Minute Edits,,Postal area PA84: Hidden Sheet Sector,Postal code PC202: #REF! Delivery Route,,,,Excel Is Not A Database Ltd 882,2020
220658,Country CT10: Land of The Final Version,Region RG23: We Will See Later,,Municipality MU70: Council of Last Minute Edits,City CY266: PowerPoint New Falls,Postal area PA84: Hidden Sheet Sector,Postal code PC201: #REF! Delivery Route,,Address AD720: Cell Without a Home,,Excel Is Not A Database Ltd 500,2022
103940,Country CT10: Land of The Final Version,Region RG23: We Will See Later,,Municipality MU70: Council of Last Minute Edits,City CY265: Where-less Query Falls,Postal area PA84: Hidden Sheet Sector,Postal code PC200: #REF! Delivery Route,,Address AD723: Cell Without a Home,,Excel Is Not A Database Ltd 826,2017
139375,Country CT10: Land of The Final Version,Region RG23: We Will See Later,,Municipality MU70: Council of Last Minute Edits,City CY268: Pivot Table Falls,Postal area PA84: Hidden Sheet Sector,Postal code PC199: #REF! Delivery Route,Street ST285: Broken Formula Junction,Address AD727: Cell Without a Home,,Excel Is Not A Database Ltd 814,2015
113213,Country CT10: Land of The Final Version,Region RG23: We Will See Later,,Municipality MU70: Council of Last Minute Edits,,Postal area PA84: Hidden Sheet Sector,Postal code PC198: #REF! Delivery Route,Street ST287: Spill Error Junction,Address AD728: Cell Without a Home,,Excel Is Not A Database Ltd 638,2023
230585,Country CT10: Land of The Final Version,Region RG23: We Will See Later,,Municipality MU70: Council of Last Minute Edits,City CY258: Duplicate Row Point,Postal area PA84: Hidden Sheet Sector,Postal code PC197: #REF! Delivery Route,Street ST286: Cached Result Junction,Address AD722: Cell Without a Home,,Excel Is Not A Database Ltd 439,2017
749422,Country CT10: Land of The Final Version,,,,,Postal area PA84: Hidden Sheet Sector,Postal code PC196: #REF! Delivery Route,Street ST487: Hidden Sheet Bridge,Address AD1074: Cell Without a Home,,Excel Is Not A Database Ltd 234,2015
608700,Country CT10: Land of The Final Version,Region RG23: We Will See Later,,Municipality MU68: Council of Last Minute Edits,City CY252: Frozen Pane Point,Postal area PA84: Hidden Sheet Sector,,Street ST271: Hidden Sheet Junction,Address AD696: Cell Without a Home,,Excel Is Not A Database Ltd 54,2023
180223,Country CT10: Land of The Final Version,Region RG23: We Will See Later,,Municipality MU68: Council of Last Minute Edits,,Postal area PA84: Hidden Sheet Sector,,,Address AD695: Cell Without a Home,,Excel Is Not A Database Ltd 159,2017
421852,Country CT10: Land of The Final Version,,,,,Postal area PA84: Hidden Sheet Sector,,Street ST483: VLOOKUP Bridge,Address AD1072: Cell Without a Home,,Excel Is Not A Database Ltd 375,2015
930455,Country CT10: Land of The Final Version,Region RG23: We Will See Later,,Municipality MU70: Council of Last Minute Edits,City CY262: Cached Result Point,Postal area PA83: Hidden Sheet Sector,Postal code PC195: #REF! Delivery Route,,Address AD718: Cell Without a Home,,Excel Is Not A Database Ltd 846,2019
541214,Country CT10: Land of The Final Version,Region RG23: We Will See Later,,Municipality MU70: Council of Last Minute Edits,,Postal area PA82: Hidden Sheet Sector,Postal code PC194: #REF! Delivery Route,Street ST275: AutoFill Junction,Address AD704: Cell Without a Home,,Excel Is Not A Database Ltd 762,2015
701545,Country CT10: Land of The Final Version,Region RG23: We Will See Later,,Municipality MU70: Council of Last Minute Edits,,Postal area PA82: Hidden Sheet Sector,Postal code PC193: #REF! Delivery Route,,,,Excel Is Not A Database Ltd 975,2020
963590,Country CT10: Land of The Final Version,,,,,Postal area PA82: Hidden Sheet Sector,Postal code PC192: #REF! Delivery Route,,Address AD1065: Cell Without a Home,,Excel Is Not A Database Ltd 235,2015
492959,Country CT10: Land of The Final Version,,,,,Postal area PA82: Hidden Sheet Sector,Postal code PC191: #REF! Delivery Route,Street ST480: Last Save Rise,Address AD1068: Cell Without a Home,,Excel Is Not A Database Ltd 121,2015
597463,Country CT10: Land of The Final Version,Region RG23: We Will See Later,,Municipality MU70: Council of Last Minute Edits,,Postal area PA82: Hidden Sheet Sector,Postal code PC190: #REF! Delivery Route,Street ST278: Relative Reference Junction,Address AD715: Cell Without a Home,,Excel Is Not A Database Ltd 830,2017
468881,Country CT10: Land of The Final Version,Region RG23: We Will See Later,,Municipality MU70: Council of Last Minute Edits,,Postal area PA82: Hidden Sheet Sector,Postal code PC189: #REF! Delivery Route,Street ST280: Nested IF Junction,Address AD710: Cell Without a Home,,Excel Is Not A Database Ltd 1121,2015
923177,Country CT10: Land of The Final Version,Region RG23: We Will See Later,,Municipality MU70: Council of Last Minute Edits,City CY260: Filtered View Point,Postal area PA82: Hidden Sheet Sector,Postal code PC188: #REF! Delivery Route,,Address AD711: Cell Without a Home,,Excel Is Not A Database Ltd 935,2017
388780,Country CT10: Land of The Final Version,,,,,Postal area PA82: Hidden Sheet Sector,Postal code PC187: #REF! Delivery Route,Street ST478: Cached Result Rise,Address AD1059: Cell Without a Home,,Excel Is Not A Database Ltd 284,2015
571081,Country CT10: Land of The Final Version,Region RG23: We Will See Later,,Municipality MU70: Council of Last Minute Edits,City CY256: Nested IF Point,Postal area PA82: Hidden Sheet Sector,Postal code PC186: #REF! Delivery Route,,Address AD709: Cell Without a Home,,Excel Is Not A Database Ltd 374,2018
914006,Country CT10: Land of The Final Version,Region RG23: We Will See Later,,Municipality MU70: Council of Last Minute Edits,City CY259: Merged Cell Point,Postal area PA82: Hidden Sheet Sector,Postal code PC185: #REF! Delivery Route,,Address AD714: Cell Without a Home,,Excel Is Not A Database Ltd 742,2017
343373,Country CT10: Land of The Final Version,Region RG23: We Will See Later,,Municipality MU70: Council of Last Minute Edits,,Postal area PA82: Hidden Sheet Sector,Postal code PC184: #REF! Delivery Route,,Address AD705: Cell Without a Home,,Excel Is Not A Database Ltd 425,2021
651177,Country CT10: Land of The Final Version,,,,,Postal area PA82: Hidden Sheet Sector,Postal code PC183: #REF! Delivery Route,Street ST479: Spill Error Rise,Address AD1060: Cell Without a Home,,Excel Is Not A Database Ltd 840,2015
453295,Country CT10: Land of The Final Version,Region RG23: We Will See Later,,Municipality MU70: Council of Last Minute Edits,,Postal area PA82: Hidden Sheet Sector,Postal code PC182: #REF! Delivery Route,Street ST281: Null Value Junction,Address AD717: Cell Without a Home,,Excel Is Not A Database Ltd 828,2020
541164,Country CT10: Land of The Final Version,Region RG23: We Will See Later,,Municipality MU70: Council of Last Minute Edits,City CY263: Spill Error Point,Postal area PA82: Hidden Sheet Sector,Postal code PC181: #REF! Delivery Route,Street ST274: Unsorted Junction,Address AD703: Cell Without a Home,,Excel Is Not A Database Ltd 135,2025
171197,Country CT10: Land of The Final Version,Region RG23: We Will See Later,,Municipality MU70: Council of Last Minute Edits,City CY261: Broken Formula Point,Postal area PA82: Hidden Sheet Sector,,,Address AD713: Cell Without a Home,,Excel Is Not A Database Ltd 781,2015
508726,Country CT10: Land of The Final Version,Region RG23: We Will See Later,,Municipality MU70: Council of Last Minute Edits,,Postal area PA82: Hidden Sheet Sector,,,Address AD702: Cell Without a Home,,Excel Is Not A Database Ltd 294,2015
590278,Country CT10: Land of The Final Version,Region RG23: We Will See Later,,Municipality MU70: Council of Last Minute Edits,,Postal area PA82: Hidden Sheet Sector,,,Address AD700: Cell Without a Home,,Excel Is Not A Database Ltd 985,2015
348024,Country CT10: Land of The Final Version,Region RG23: We Will See Later,,Municipality MU70: Council of Last Minute Edits,,Postal area PA82: Hidden Sheet Sector,,,Address AD708: Cell Without a Home,,Excel Is Not A Database Ltd 77,2015
367038,Country CT10: Land of The Final Version,Region RG23: We Will See Later,,Municipality MU70: Council of Last Minute Edits,,Postal area PA82: Hidden Sheet Sector,,Street ST279: Absolute Reference Junction,Address AD716: Cell Without a Home,,Excel Is Not A Database Ltd 4,2015
678758,Country CT10: Land of The Final Version,Region RG23: We Will See Later,,Municipality MU70: Council of Last Minute Edits,,Postal area PA82: Hidden Sheet Sector,,Street ST277: Conditional Format Junction,Address AD707: Cell Without a Home,,Excel Is Not A Database Ltd 1011,2015
650670,Country CT10: Land of The Final Version,Region RG23: We Will See Later,,Municipality MU70: Council of Last Minute Edits,,Postal area PA82: Hidden Sheet Sector,,,Address AD701: Cell Without a Home,,Excel Is Not A Database Ltd 240,2015
563139,Country CT10: Land of The Final Version,Region RG23: We Will See Later,,Municipality MU70: Council of Last Minute Edits,City CY264: Last Save Point,Postal area PA82: Hidden Sheet Sector,,,Address AD712: Cell Without a Home,,Excel Is Not A Database Ltd 812,2015
793647,Country CT10: Land of The Final Version,Region RG23: We Will See Later,,Municipality MU70: Council of Last Minute Edits,City CY257: Null Value Point,Postal area PA82: Hidden Sheet Sector,,Street ST276: Frozen Pane Junction,Address AD706: Cell Without a Home,,Excel Is Not A Database Ltd 58,2015
642404,Country CT10: Land of The Final Version,,,,,Postal area PA82: Hidden Sheet Sector,,,Address AD1063: Cell Without a Home,,Excel Is Not A Database Ltd 891,2015
668861,Country CT10: Land of The Final Version,,,,,Postal area PA82: Hidden Sheet Sector,,,,,Excel Is Not A Database Ltd 177,2015
573661,Country CT10: Land of The Final Version,,,,City CY407: Spill Error Dale,Postal area PA82: Hidden Sheet Sector,,,Address AD1067: Cell Without a Home,,Excel Is Not A Database Ltd 578,2015
704456,Country CT10: Land of The Final Version,,,,,Postal area PA82: Hidden Sheet Sector,,,Address AD1064: Cell Without a Home,,Excel Is Not A Database Ltd 649,2015
244779,Country CT10: Land of The Final Version,,,,,Postal area PA82: Hidden Sheet Sector,,,Address AD1058: Cell Without a Home,,Excel Is Not A Database Ltd 233,2015
119020,Country CT10: Land of The Final Version,,,,,Postal area PA82: Hidden Sheet Sector,,,Address AD1061: Cell Without a Home,,Excel Is Not A Database Ltd 271,2015
544151,Country CT10: Land of The Final Version,,,,,Postal area PA82: Hidden Sheet Sector,,,Address AD1070: Cell Without a Home,,Excel Is Not A Database Ltd 122,2015
700879,Country CT10: Land of The Final Version,,,,,Postal area PA82: Hidden Sheet Sector,,,Address AD1071: Cell Without a Home,,Excel Is Not A Database Ltd 236,2015
442554,Country CT10: Land of The Final Version,,,,,Postal area PA82: Hidden Sheet Sector,,,Address AD1062: Cell Without a Home,,Excel Is Not A Database Ltd 237,2015
735475,Country CT10: Land of The Final Version,,,,City CY408: Last Save Dale,Postal area PA82: Hidden Sheet Sector,,Street ST482: PowerPoint New Bridge,Address AD1066: Cell Without a Home,,Excel Is Not A Database Ltd 1066,2015
295826,Country CT10: Land of The Final Version,,,,,Postal area PA82: Hidden Sheet Sector,,Street ST481: Where-less Query Bridge,Address AD1069: Cell Without a Home,,Excel Is Not A Database Ltd 90,2015
971671,Country CT10: Land of The Final Version,Region RG23: We Will See Later,,Municipality MU72: Council of Last Minute Edits,,Postal area PA81: Hidden Sheet Sector,Postal code PC180: #REF! Delivery Route,Street ST289: Where-less Query Terrace,Address AD732: Cell Without a Home,,Excel Is Not A Database Ltd 42,2017
235599,Country CT10: Land of The Final Version,Region RG23: We Will See Later,,Municipality MU72: Council of Last Minute Edits,,Postal area PA81: Hidden Sheet Sector,Postal code PC180: #REF! Delivery Route,Street ST288: Last Save Junction,Address AD731: Cell Without a Home,,Excel Is Not A Database Ltd 931,2016
265137,Country CT10: Land of The Final Version,Region RG23: We Will See Later,,Municipality MU72: Council of Last Minute Edits,City CY271: Hidden Sheet Falls,Postal area PA81: Hidden Sheet Sector,Postal code PC179: #REF! Delivery Route,Street ST291: VLOOKUP Terrace,Address AD734: Cell Without a Home,,Excel Is Not A Database Ltd 619,2022
690443,Country CT10: Land of The Final Version,Region RG23: We Will See Later,,Municipality MU72: Council of Last Minute Edits,City CY272: Circular Reference Falls,Postal area PA81: Hidden Sheet Sector,Postal code PC178: #REF! Delivery Route,Street ST290: PowerPoint New Terrace,Address AD733: Cell Without a Home,,Excel Is Not A Database Ltd 839,2022
956809,Country CT10: Land of The Final Version,Region RG23: We Will See Later,,Municipality MU67: Council of Last Minute Edits,City CY250: Unsorted Point,Postal area PA80: Hidden Sheet Sector,Postal code PC177: #REF! Delivery Route,,Address AD687: Cell Without a Home,,Excel Is Not A Database Ltd 260,2023
357602,Country CT10: Land of The Final Version,,,,,Postal area PA80: Hidden Sheet Sector,Postal code PC176: #REF! Delivery Route,,Address AD1056: Cell Without a Home,,Excel Is Not A Database Ltd 127,2015
463549,Country CT10: Land of The Final Version,,,,,Postal area PA80: Hidden Sheet Sector,Postal code PC175: #REF! Delivery Route,,Address AD1057: Cell Without a Home,,Excel Is Not A Database Ltd 199,2015
823571,Country CT10: Land of The Final Version,Region RG23: We Will See Later,,Municipality MU67: Council of Last Minute Edits,,Postal area PA80: Hidden Sheet Sector,Postal code PC174: #REF! Delivery Route,Street ST267: VLOOKUP Junction,Address AD688: Cell Without a Home,,Excel Is Not A Database Ltd 395,2016
382871,Country CT10: Land of The Final Version,Region RG23: We Will See Later,,Municipality MU67: Council of Last Minute Edits,,Postal area PA80: Hidden Sheet Sector,,Street ST268: Pivot Table Junction,Address AD689: Cell Without a Home,,Excel Is Not A Database Ltd 34,2019
555330,Country CT10: Land of The Final Version,Region RG23: We Will See Later,,Municipality MU68: Council of Last Minute Edits,City CY253: Conditional Format Point,Postal area PA79: Hidden Sheet Sector,Postal code PC173: #REF! Delivery Route,,Address AD694: Cell Without a Home,,Excel Is Not A Database Ltd 230,2015
675269,Country CT10: Land of The Final Version,Region RG23: We Will See Later,,Municipality MU68: Council of Last Minute Edits,City CY254: Relative Reference Point,Postal area PA78: Hidden Sheet Sector,Postal code PC172: #REF! Delivery Route,Street ST269: Ctrl Z Junction,Address AD692: Cell Without a Home,,Excel Is Not A Database Ltd 487,2017
813076,Country CT10: Land of The Final Version,Region RG23: We Will See Later,,Municipality MU68: Council of Last Minute Edits,,Postal area PA78: Hidden Sheet Sector,,Street ST270: Final Final Junction,Address AD693: Cell Without a Home,,Excel Is Not A Database Ltd 529,2015
531252,Country CT10: Land of The Final Version,,,,,Postal area PA77: Hidden Sheet Sector,Postal code PC171: #REF! Delivery Route,,Address AD1055: Cell Without a Home,,Excel Is Not A Database Ltd 238,2015
159879,Country CT10: Land of The Final Version,Region RG23: We Will See Later,,Municipality MU68: Council of Last Minute Edits,,Postal area PA76: Hidden Sheet Sector,Postal code PC170: #REF! Delivery Route,,Address AD691: Cell Without a Home,,Excel Is Not A Database Ltd 59,2015
964799,Country CT10: Land of The Final Version,Region RG23: We Will See Later,,Municipality MU68: Council of Last Minute Edits,City CY251: AutoFill Point,Postal area PA76: Hidden Sheet Sector,Postal code PC169: #REF! Delivery Route,,Address AD690: Cell Without a Home,,Excel Is Not A Database Ltd 184,2015
839599,Country CT10: Land of The Final Version,Region RG33: We Will See Later,,Municipality MU164: Council of Last Minute Edits,City CY387: VLOOKUP Dale,Postal area PA75: Hidden Sheet Sector,Postal code PC168: #REF! Delivery Route,,Address AD990: Cell Without a Home,,Excel Is Not A Database Ltd 633,2025
433015,Country CT10: Land of The Final Version,Region RG33: We Will See Later,,Municipality MU161: Council of Last Minute Edits,City CY384: Last Save Moor,Postal area PA74: Hidden Sheet Sector,Postal code PC167: #REF! Delivery Route,,Address AD984: Cell Without a Home,,Excel Is Not A Database Ltd 342,2017
585572,Country CT10: Land of The Final Version,Region RG33: We Will See Later,,Municipality MU161: Council of Last Minute Edits,City CY383: Spill Error Moor,Postal area PA74: Hidden Sheet Sector,Postal code PC166: #REF! Delivery Route,Street ST434: PowerPoint New Loop,Address AD985: Cell Without a Home,,Excel Is Not A Database Ltd 950,2015
539383,Country CT10: Land of The Final Version,,,,,Postal area PA74: Hidden Sheet Sector,,Street ST477: Broken Formula Rise,Address AD1054: Cell Without a Home,,Excel Is Not A Database Ltd 129,2015
848156,Country CT10: Land of The Final Version,Region RG33: We Will See Later,,Municipality MU165: Council of Last Minute Edits,,Postal area PA73: Hidden Sheet Sector,Postal code PC165: #REF! Delivery Route,Street ST442: Unsorted Loop,Address AD996: Cell Without a Home,,Excel Is Not A Database Ltd 827,2018
908166,Country CT10: Land of The Final Version,Region RG33: We Will See Later,,Municipality MU165: Council of Last Minute Edits,City CY388: Pivot Table Dale,Postal area PA73: Hidden Sheet Sector,Postal code PC164: #REF! Delivery Route,Street ST443: AutoFill Loop,Address AD997: Cell Without a Home,,Excel Is Not A Database Ltd 341,2015
172725,Country CT10: Land of The Final Version,,,,City CY406: Cached Result Dale,Postal area PA73: Hidden Sheet Sector,Postal code PC164: #REF! Delivery Route,Street ST476: Filtered View Rise,Address AD1053: Cell Without a Home,,Excel Is Not A Database Ltd 809,2015
820428,Country CT10: Land of The Final Version,Region RG33: We Will See Later,,Municipality MU165: Council of Last Minute Edits,City CY388: Pivot Table Dale,Postal area PA73: Hidden Sheet Sector,Postal code PC163: #REF! Delivery Route,Street ST441: Missing Cell Loop,Address AD995: Cell Without a Home,,Excel Is Not A Database Ltd 168,2020
242097,Country CT10: Land of The Final Version,Region RG33: We Will See Later,,Municipality MU165: Council of Last Minute Edits,City CY389: Ctrl Z Dale,Postal area PA72: Hidden Sheet Sector,Postal code PC162: #REF! Delivery Route,Street ST440: Circular Reference Loop,Address AD993: Cell Without a Home,,Excel Is Not A Database Ltd 248,2015
152297,Country CT10: Land of The Final Version,Region RG33: We Will See Later,,Municipality MU165: Council of Last Minute Edits,,Postal area PA72: Hidden Sheet Sector,Postal code PC161: #REF! Delivery Route,,Address AD994: Cell Without a Home,,Excel Is Not A Database Ltd 19,2015
643446,Country CT10: Land of The Final Version,,,,,Postal area PA72: Hidden Sheet Sector,,Street ST475: Merged Cell Rise,Address AD1052: Cell Without a Home,,Excel Is Not A Database Ltd 997,2015
842771,Country CT10: Land of The Final Version,Region RG33: We Will See Later,,Municipality MU165: Council of Last Minute Edits,,Postal area PA71: Hidden Sheet Sector,Postal code PC160: #REF! Delivery Route,Street ST438: Final Final Loop,Address AD991: Cell Without a Home,,Excel Is Not A Database Ltd 597,2015
195235,Country CT10: Land of The Final Version,Region RG33: We Will See Later,,Municipality MU165: Council of Last Minute Edits,City CY389: Ctrl Z Dale,Postal area PA71: Hidden Sheet Sector,Postal code PC159: #REF! Delivery Route,Street ST439: Hidden Sheet Loop,Address AD992: Cell Without a Home,,Excel Is Not A Database Ltd 886,2017
486077,Country CT10: Land of The Final Version,,,,,Postal area PA71: Hidden Sheet Sector,,Street ST474: Duplicate Row Rise,Address AD1051: Cell Without a Home,,Excel Is Not A Database Ltd 876,2015
528128,Country CT10: Land of The Final Version,,,,,Postal area PA70: Hidden Sheet Sector,,Street ST473: Null Value Rise,Address AD1050: Cell Without a Home,,Excel Is Not A Database Ltd 694,2015
255675,Country CT10: Land of The Final Version,Region RG33: We Will See Later,,Municipality MU163: Council of Last Minute Edits,,Postal area PA69: Hidden Sheet Sector,Postal code PC158: #REF! Delivery Route,Street ST437: Ctrl Z Loop,Address AD989: Cell Without a Home,,Excel Is Not A Database Ltd 176,2015
911508,Country CT10: Land of The Final Version,Region RG33: We Will See Later,,Municipality MU163: Council of Last Minute Edits,City CY386: PowerPoint New Dale,Postal area PA68: Hidden Sheet Sector,Postal code PC157: #REF! Delivery Route,Street ST436: Pivot Table Loop,Address AD988: Cell Without a Home,,Excel Is Not A Database Ltd 2,2019
319283,Country CT10: Land of The Final Version,Region RG33: We Will See Later,,Municipality MU159: Council of Last Minute Edits,City CY379: Merged Cell Moor,Postal area PA67: Hidden Sheet Sector,Postal code PC156: #REF! Delivery Route,Street ST432: Last Save Place,Address AD980: Cell Without a Home,,Excel Is Not A Database Ltd 973,2020
798851,Country CT10: Land of The Final Version,,,,,Postal area PA66: Hidden Sheet Sector,Postal code PC155: #REF! Delivery Route,Street ST472: Nested IF Rise,Address AD1049: Cell Without a Home,,Excel Is Not A Database Ltd 320,2015
831784,Country CT10: Land of The Final Version,Region RG33: We Will See Later,,Municipality MU159: Council of Last Minute Edits,,Postal area PA66: Hidden Sheet Sector,Postal code PC154: #REF! Delivery Route,Street ST431: Spill Error Place,Address AD979: Cell Without a Home,,Excel Is Not A Database Ltd 480,2020
216349,Country CT10: Land of The Final Version,Region RG33: We Will See Later,,Municipality MU159: Council of Last Minute Edits,City CY380: Filtered View Moor,Postal area PA66: Hidden Sheet Sector,Postal code PC153: #REF! Delivery Route,Street ST430: Cached Result Place,Address AD978: Cell Without a Home,,Excel Is Not A Database Ltd 481,2024
512534,Country CT10: Land of The Final Version,Region RG33: We Will See Later,,Municipality MU158: Council of Last Minute Edits,City CY377: Null Value Moor,Postal area PA65: Hidden Sheet Sector,Postal code PC152: #REF! Delivery Route,Street ST429: Broken Formula Place,Address AD977: Cell Without a Home,,Excel Is Not A Database Ltd 206,2015
709331,Country CT10: Land of The Final Version,Region RG33: We Will See Later,,Municipality MU158: Council of Last Minute Edits,,Postal area PA65: Hidden Sheet Sector,Postal code PC151: #REF! Delivery Route,Street ST428: Filtered View Place,Address AD976: Cell Without a Home,,Excel Is Not A Database Ltd 634,2015
404729,Country CT10: Land of The Final Version,,,,,Postal area PA65: Hidden Sheet Sector,,Street ST471: Absolute Reference Rise,Address AD1048: Cell Without a Home,,Excel Is Not A Database Ltd 670,2015
652673,Country CT10: Land of The Final Version,Region RG33: We Will See Later,,Municipality MU158: Council of Last Minute Edits,City CY378: Duplicate Row Moor,Postal area PA64: Hidden Sheet Sector,Postal code PC150: #REF! Delivery Route,Street ST427: Merged Cell Place,Address AD975: Cell Without a Home,,Excel Is Not A Database Ltd 664,2015
821383,Country CT10: Land of The Final Version,,,,,Postal area PA64: Hidden Sheet Sector,Postal code PC150: #REF! Delivery Route,Street ST470: Relative Reference Rise,Address AD1047: Cell Without a Home,,Excel Is Not A Database Ltd 664,2015
996542,Country CT10: Land of The Final Version,Region RG33: We Will See Later,,Municipality MU158: Council of Last Minute Edits,,Postal area PA63: Hidden Sheet Sector,Postal code PC149: #REF! Delivery Route,Street ST426: Duplicate Row Place,Address AD974: Cell Without a Home,,Excel Is Not A Database Ltd 953,2015
359200,Country CT5: Land of The Final Version,Region RG10: We Will See Later,,,City CY19: Merged Cell Town,,Postal code PC16: #REF! Delivery Route,,Address AD40: Cell Without a Home,,Excel Is Not A Database Ltd 440,2018
215080,Country CT10: Land of The Final Version,Region RG33: We Will See Later,,Municipality MU158: Council of Last Minute Edits,,Postal area PA62: Hidden Sheet Sector,Postal code PC148: #REF! Delivery Route,,Address AD973: Cell Without a Home,,Excel Is Not A Database Ltd 302,2015
570142,Country CT10: Land of The Final Version,Region RG28: We Will See Later,,Municipality MU117: Council of Last Minute Edits,,Postal area PA61: Hidden Sheet Sector,Postal code PC147: #REF! Delivery Route,Street ST344: Circular Reference Alley,Address AD837: Cell Without a Home,,Excel Is Not A Database Ltd 153,2015
959395,Country CT10: Land of The Final Version,Region RG28: We Will See Later,,Municipality MU119: Council of Last Minute Edits,City CY324: Frozen Pane Park,Postal area PA61: Hidden Sheet Sector,Postal code PC147: #REF! Delivery Route,Street ST347: AutoFill Alley,Address AD843: Cell Without a Home,,Excel Is Not A Database Ltd 952,2015
113110,Country CT10: Land of The Final Version,,,,,Postal area PA61: Hidden Sheet Sector,Postal code PC146: #REF! Delivery Route,,Address AD1046: Cell Without a Home,,Excel Is Not A Database Ltd 643,2015
181418,Country CT10: Land of The Final Version,,,,City CY405: Broken Formula Dale,Postal area PA60: Hidden Sheet Sector,Postal code PC145: #REF! Delivery Route,,Address AD1045: Cell Without a Home,,Excel Is Not A Database Ltd 689,2015
946616,Country CT10: Land of The Final Version,Region RG28: We Will See Later,,Municipality MU112: Council of Last Minute Edits,City CY314: PowerPoint New Park,Postal area PA60: Hidden Sheet Sector,Postal code PC144: #REF! Delivery Route,Street ST335: Spill Error Boulevard,Address AD823: Cell Without a Home,,Excel Is Not A Database Ltd 350,2015
273298,Country CT10: Land of The Final Version,Region RG28: We Will See Later,,Municipality MU112: Council of Last Minute Edits,,Postal area PA59: Hidden Sheet Sector,Postal code PC143: #REF! Delivery Route,,Address AD822: Cell Without a Home,,Excel Is Not A Database Ltd 1023,2015
761344,Country CT10: Land of The Final Version,Region RG28: We Will See Later,,Municipality MU118: Council of Last Minute Edits,,Postal area PA58: Hidden Sheet Sector,Postal code PC142: #REF! Delivery Route,Street ST346: Unsorted Alley,Address AD842: Cell Without a Home,,Excel Is Not A Database Ltd 411,2015
744533,Country CT10: Land of The Final Version,Region RG28: We Will See Later,,Municipality MU118: Council of Last Minute Edits,City CY322: Unsorted Park,Postal area PA58: Hidden Sheet Sector,Postal code PC141: #REF! Delivery Route,,Address AD841: Cell Without a Home,,Excel Is Not A Database Ltd 385,2019
686319,Country CT10: Land of The Final Version,Region RG28: We Will See Later,,Municipality MU117: Council of Last Minute Edits,,Postal area PA57: Hidden Sheet Sector,Postal code PC140: #REF! Delivery Route,,Address AD835: Cell Without a Home,,Excel Is Not A Database Ltd 697,2015
790249,Country CT10: Land of The Final Version,Region RG28: We Will See Later,,Municipality MU117: Council of Last Minute Edits,City CY320: Circular Reference Park,Postal area PA57: Hidden Sheet Sector,Postal code PC139: #REF! Delivery Route,Street ST343: Hidden Sheet Alley,Address AD836: Cell Without a Home,,Excel Is Not A Database Ltd 871,2017
740307,Country CT10: Land of The Final Version,,,,,Postal area PA56: Hidden Sheet Sector,Postal code PC138: #REF! Delivery Route,,Address AD1044: Cell Without a Home,,Excel Is Not A Database Ltd 229,2015
429564,Country CT10: Land of The Final Version,,,,City CY404: Filtered View Dale,Postal area PA55: Hidden Sheet Sector,Postal code PC137: #REF! Delivery Route,Street ST469: Conditional Format Rise,Address AD1043: Cell Without a Home,,Excel Is Not A Database Ltd 749,2015
240179,Country CT10: Land of The Final Version,Region RG28: We Will See Later,,Municipality MU118: Council of Last Minute Edits,City CY321: Missing Cell Park,Postal area PA54: Hidden Sheet Sector,Postal code PC136: #REF! Delivery Route,,Address AD840: Cell Without a Home,,Excel Is Not A Database Ltd 639,2016
543488,Country CT10: Land of The Final Version,Region RG28: We Will See Later,,Municipality MU118: Council of Last Minute Edits,,Postal area PA53: Hidden Sheet Sector,Postal code PC135: #REF! Delivery Route,Street ST345: Missing Cell Alley,Address AD838: Cell Without a Home,,Excel Is Not A Database Ltd 31,2015
175889,Country CT10: Land of The Final Version,Region RG28: We Will See Later,,Municipality MU118: Council of Last Minute Edits,City CY323: AutoFill Park,Postal area PA53: Hidden Sheet Sector,Postal code PC134: #REF! Delivery Route,,Address AD839: Cell Without a Home,,Excel Is Not A Database Ltd 152,2020
137415,Country CT10: Land of The Final Version,Region RG28: We Will See Later,,Municipality MU111: Council of Last Minute Edits,City CY312: Last Save Junction,Postal area PA52: Hidden Sheet Sector,Postal code PC133: #REF! Delivery Route,,Address AD820: Cell Without a Home,,Excel Is Not A Database Ltd 1105,2021
309192,Country CT10: Land of The Final Version,,,,,Postal area PA51: Hidden Sheet Sector,Postal code PC132: #REF! Delivery Route,Street ST467: AutoFill Rise,Address AD1041: Cell Without a Home,,Excel Is Not A Database Ltd 818,2015
698958,Country CT10: Land of The Final Version,,,,City CY403: Merged Cell Dale,Postal area PA51: Hidden Sheet Sector,Postal code PC131: #REF! Delivery Route,Street ST468: Frozen Pane Rise,Address AD1042: Cell Without a Home,,Excel Is Not A Database Ltd 383,2015
451702,Country CT10: Land of The Final Version,Region RG28: We Will See Later,,Municipality MU111: Council of Last Minute Edits,,Postal area PA50: Hidden Sheet Sector,Postal code PC130: #REF! Delivery Route,Street ST333: Broken Formula Boulevard,Address AD819: Cell Without a Home,,Excel Is Not A Database Ltd 496,2015
522225,Country CT10: Land of The Final Version,Region RG28: We Will See Later,,Municipality MU114: Council of Last Minute Edits,,Postal area PA49: Hidden Sheet Sector,Postal code PC129: #REF! Delivery Route,Street ST340: Pivot Table Alley,Address AD831: Cell Without a Home,,Excel Is Not A Database Ltd 773,2020
515397,Country CT10: Land of The Final Version,Region RG28: We Will See Later,,Municipality MU114: Council of Last Minute Edits,,Postal area PA48: Hidden Sheet Sector,Postal code PC128: #REF! Delivery Route,,Address AD828: Cell Without a Home,,Excel Is Not A Database Ltd 368,2020
519540,Country CT10: Land of The Final Version,Region RG28: We Will See Later,,Municipality MU114: Council of Last Minute Edits,City CY316: Pivot Table Park,Postal area PA48: Hidden Sheet Sector,Postal code PC128: #REF! Delivery Route,Street ST339: VLOOKUP Alley,Address AD829: Cell Without a Home,,Excel Is Not A Database Ltd 729,2019
545093,Country CT10: Land of The Final Version,Region RG28: We Will See Later,,Municipality MU114: Council of Last Minute Edits,City CY317: Ctrl Z Park,Postal area PA48: Hidden Sheet Sector,Postal code PC127: #REF! Delivery Route,,Address AD830: Cell Without a Home,,Excel Is Not A Database Ltd 8,2015
650237,Country CT10: Land of The Final Version,,,,,Postal area PA47: Hidden Sheet Sector,Postal code PC126: #REF! Delivery Route,,Address AD1040: Cell Without a Home,,Excel Is Not A Database Ltd 272,2015
192971,Country CT10: Land of The Final Version,Region RG28: We Will See Later,,Municipality MU112: Council of Last Minute Edits,City CY313: Where-less Query Park,Postal area PA46: Hidden Sheet Sector,Postal code PC125: #REF! Delivery Route,Street ST334: Cached Result Boulevard,Address AD821: Cell Without a Home,,Excel Is Not A Database Ltd 1090,2019
117553,Country CT4: Land of The Final Version,,,,,,Postal code PC3: #REF! Delivery Route,,Address AD6: Cell Without a Home,,Excel Is Not A Database Ltd 1135,2021
762543,Country CT10: Land of The Final Version,Region RG28: We Will See Later,,Municipality MU121: Council of Last Minute Edits,City CY327: Absolute Reference Park,Postal area PA45: Hidden Sheet Sector,Postal code PC124: #REF! Delivery Route,Street ST351: Absolute Reference Alley,Address AD850: Cell Without a Home,,Excel Is Not A Database Ltd 924,2015
839567,Country CT10: Land of The Final Version,Region RG28: We Will See Later,,Municipality MU116: Council of Last Minute Edits,City CY319: Hidden Sheet Park,Postal area PA44: Hidden Sheet Sector,Postal code PC123: #REF! Delivery Route,Street ST342: Final Final Alley,Address AD834: Cell Without a Home,,Excel Is Not A Database Ltd 1051,2024
731688,Country CT10: Land of The Final Version,Region RG28: We Will See Later,,Municipality MU121: Council of Last Minute Edits,,Postal area PA43: Hidden Sheet Sector,Postal code PC122: #REF! Delivery Route,,Address AD849: Cell Without a Home,,Excel Is Not A Database Ltd 338,2015
238236,Country CT10: Land of The Final Version,Region RG28: We Will See Later,,Municipality MU121: Council of Last Minute Edits,,Postal area PA43: Hidden Sheet Sector,Postal code PC121: #REF! Delivery Route,Street ST350: Relative Reference Alley,Address AD848: Cell Without a Home,,Excel Is Not A Database Ltd 898,2015
249305,Country CT10: Land of The Final Version,Region RG28: We Will See Later,,Municipality MU121: Council of Last Minute Edits,,Postal area PA42: Hidden Sheet Sector,Postal code PC120: #REF! Delivery Route,,Address AD847: Cell Without a Home,,Excel Is Not A Database Ltd 410,2015
365020,Country CT10: Land of The Final Version,Region RG28: We Will See Later,,Municipality MU110: Council of Last Minute Edits,City CY311: Spill Error Junction,Postal area PA41: Hidden Sheet Sector,Postal code PC119: #REF! Delivery Route,,Address AD817: Cell Without a Home,,Excel Is Not A Database Ltd 819,2018
207694,Country CT10: Land of The Final Version,Region RG28: We Will See Later,,Municipality MU110: Council of Last Minute Edits,City CY309: Broken Formula Junction,Postal area PA40: Hidden Sheet Sector,Postal code PC118: #REF! Delivery Route,Street ST330: Duplicate Row Boulevard,Address AD815: Cell Without a Home,,Excel Is Not A Database Ltd 11,2021
975124,Country CT10: Land of The Final Version,Region RG28: We Will See Later,,Municipality MU110: Council of Last Minute Edits,City CY310: Cached Result Junction,Postal area PA40: Hidden Sheet Sector,,Street ST331: Merged Cell Boulevard,Address AD816: Cell Without a Home,,Excel Is Not A Database Ltd 553,2015
865521,Country CT10: Land of The Final Version,,,,,Postal area PA39: Hidden Sheet Sector,Postal code PC117: #REF! Delivery Route,,Address AD1038: Cell Without a Home,,Excel Is Not A Database Ltd 543,2015
919297,Country CT10: Land of The Final Version,,,,City CY402: Duplicate Row Dale,Postal area PA39: Hidden Sheet Sector,Postal code PC116: #REF! Delivery Route,Street ST466: Unsorted Rise,Address AD1039: Cell Without a Home,,Excel Is Not A Database Ltd 200,2015
729078,Country CT10: Land of The Final Version,Region RG28: We Will See Later,,Municipality MU111: Council of Last Minute Edits,,Postal area PA39: Hidden Sheet Sector,Postal code PC115: #REF! Delivery Route,Street ST332: Filtered View Boulevard,Address AD818: Cell Without a Home,,Excel Is Not A Database Ltd 312,2015
388450,Country CT10: Land of The Final Version,Region RG28: We Will See Later,,Municipality MU120: Council of Last Minute Edits,City CY325: Conditional Format Park,Postal area PA39: Hidden Sheet Sector,Postal code PC114: #REF! Delivery Route,,Address AD846: Cell Without a Home,,Excel Is Not A Database Ltd 49,2015
669318,Country CT10: Land of The Final Version,Region RG28: We Will See Later,,Municipality MU120: Council of Last Minute Edits,City CY326: Relative Reference Park,Postal area PA39: Hidden Sheet Sector,Postal code PC113: #REF! Delivery Route,Street ST349: Conditional Format Alley,Address AD845: Cell Without a Home,,Excel Is Not A Database Ltd 409,2024
168626,Country CT10: Land of The Final Version,Region RG28: We Will See Later,,Municipality MU120: Council of Last Minute Edits,,Postal area PA39: Hidden Sheet Sector,,Street ST348: Frozen Pane Alley,Address AD844: Cell Without a Home,,Excel Is Not A Database Ltd 1096,2015
348616,Country CT10: Land of The Final Version,,,,,Postal area PA38: Hidden Sheet Sector,Postal code PC112: #REF! Delivery Route,,Address AD1037: Cell Without a Home,,Excel Is Not A Database Ltd 728,2015
937814,Country CT10: Land of The Final Version,Region RG28: We Will See Later,,Municipality MU115: Council of Last Minute Edits,,Postal area PA38: Hidden Sheet Sector,Postal code PC111: #REF! Delivery Route,,Address AD832: Cell Without a Home,,Excel Is Not A Database Ltd 1072,2023
128695,Country CT10: Land of The Final Version,Region RG28: We Will See Later,,Municipality MU115: Council of Last Minute Edits,City CY318: Final Final Park,Postal area PA38: Hidden Sheet Sector,Postal code PC110: #REF! Delivery Route,Street ST341: Ctrl Z Alley,Address AD833: Cell Without a Home,,Excel Is Not A Database Ltd 219,2015
607448,Country CT10: Land of The Final Version,Region RG27: We Will See Later,,Municipality MU107: Council of Last Minute Edits,,Postal area PA37: Hidden Sheet Sector,Postal code PC109: #REF! Delivery Route,Street ST325: Conditional Format Boulevard,Address AD805: Cell Without a Home,,Excel Is Not A Database Ltd 171,2015
519991,Country CT10: Land of The Final Version,Region RG27: We Will See Later,,Municipality MU107: Council of Last Minute Edits,,Postal area PA37: Hidden Sheet Sector,Postal code PC109: #REF! Delivery Route,Street ST325: Conditional Format Boulevard,Address AD804: Cell Without a Home,,Excel Is Not A Database Ltd 1007,2015
366666,Country CT10: Land of The Final Version,Region RG27: We Will See Later,,Municipality MU107: Council of Last Minute Edits,,Postal area PA37: Hidden Sheet Sector,Postal code PC108: #REF! Delivery Route,Street ST323: AutoFill Boulevard,Address AD802: Cell Without a Home,,Excel Is Not A Database Ltd 132,2015
815243,Country CT10: Land of The Final Version,Region RG27: We Will See Later,,Municipality MU107: Council of Last Minute Edits,City CY305: Null Value Junction,Postal area PA37: Hidden Sheet Sector,Postal code PC108: #REF! Delivery Route,Street ST324: Frozen Pane Boulevard,Address AD803: Cell Without a Home,,Excel Is Not A Database Ltd 131,2024
941911,Country CT10: Land of The Final Version,Region RG27: We Will See Later,,Municipality MU107: Council of Last Minute Edits,,Postal area PA37: Hidden Sheet Sector,Postal code PC107: #REF! Delivery Route,,Address AD806: Cell Without a Home,,Excel Is Not A Database Ltd 493,2015
184947,Country CT10: Land of The Final Version,Region RG27: We Will See Later,,Municipality MU107: Council of Last Minute Edits,,Postal area PA37: Hidden Sheet Sector,Postal code PC107: #REF! Delivery Route,,Address AD801: Cell Without a Home,,Excel Is Not A Database Ltd 223,2015
629221,Country CT10: Land of The Final Version,Region RG27: We Will See Later,,Municipality MU102: Council of Last Minute Edits,,Postal area PA36: Hidden Sheet Sector,Postal code PC106: #REF! Delivery Route,Street ST316: Pivot Table Boulevard,Address AD785: Cell Without a Home,,Excel Is Not A Database Ltd 209,2015
522374,Country CT10: Land of The Final Version,Region RG27: We Will See Later,,Municipality MU102: Council of Last Minute Edits,City CY295: Hidden Sheet Junction,Postal area PA36: Hidden Sheet Sector,Postal code PC105: #REF! Delivery Route,Street ST315: VLOOKUP Boulevard,Address AD784: Cell Without a Home,,Excel Is Not A Database Ltd 422,2020
874237,Country CT10: Land of The Final Version,Region RG32: We Will See Later,,Municipality MU151: Council of Last Minute Edits,,Postal area PA35: Hidden Sheet Sector,,Street ST417: Missing Cell Place,Address AD961: Cell Without a Home,,Excel Is Not A Database Ltd 339,2015
794213,Country CT10: Land of The Final Version,Region RG32: We Will See Later,,Municipality MU151: Council of Last Minute Edits,City CY369: Missing Cell Moor,Postal area PA34: Hidden Sheet Sector,Postal code PC104: #REF! Delivery Route,Street ST416: Circular Reference Place,Address AD960: Cell Without a Home,,Excel Is Not A Database Ltd 945,2015
905791,Country CT10: Land of The Final Version,Region RG32: We Will See Later,,Municipality MU151: Council of Last Minute Edits,,Postal area PA34: Hidden Sheet Sector,Postal code PC103: #REF! Delivery Route,Street ST416: Circular Reference Place,Address AD959: Cell Without a Home,,Excel Is Not A Database Ltd 911,2015
504581,Country CT10: Land of The Final Version,Region RG27: We Will See Later,,Municipality MU109: Council of Last Minute Edits,,Postal area PA33: Hidden Sheet Sector,Postal code PC102: #REF! Delivery Route,Street ST329: Null Value Boulevard,Address AD814: Cell Without a Home,,Excel Is Not A Database Ltd 534,2015
511246,Country CT10: Land of The Final Version,Region RG27: We Will See Later,,Municipality MU99: Council of Last Minute Edits,City CY293: Ctrl Z Junction,Postal area PA32: Hidden Sheet Sector,Postal code PC101: #REF! Delivery Route,Street ST312: Last Save Terrace,Address AD779: Cell Without a Home,,Excel Is Not A Database Ltd 687,2020
847396,Country CT10: Land of The Final Version,Region RG27: We Will See Later,,Municipality MU99: Council of Last Minute Edits,City CY292: Pivot Table Junction,Postal area PA32: Hidden Sheet Sector,Postal code PC100: #REF! Delivery Route,Street ST311: Spill Error Terrace,Address AD778: Cell Without a Home,,Excel Is Not A Database Ltd 656,2017
792876,Country CT10: Land of The Final Version,Region RG27: We Will See Later,,Municipality MU99: Council of Last Minute Edits,,Postal area PA31: Hidden Sheet Sector,Postal code PC99: #REF! Delivery Route,Street ST310: Cached Result Terrace,Address AD777: Cell Without a Home,,Excel Is Not A Database Ltd 920,2015
783078,Country CT10: Land of The Final Version,Region RG27: We Will See Later,,Municipality MU105: Council of Last Minute Edits,,Postal area PA30: Hidden Sheet Sector,Postal code PC98: #REF! Delivery Route,,Address AD799: Cell Without a Home,,Excel Is Not A Database Ltd 1110,2015
615044,Country CT10: Land of The Final Version,Region RG27: We Will See Later,,Municipality MU101: Council of Last Minute Edits,,Postal area PA30: Hidden Sheet Sector,Postal code PC97: #REF! Delivery Route,Street ST314: PowerPoint New Boulevard,Address AD783: Cell Without a Home,,Excel Is Not A Database Ltd 93,2015
842966,Country CT10: Land of The Final Version,Region RG27: We Will See Later,,Municipality MU99: Council of Last Minute Edits,,Postal area PA30: Hidden Sheet Sector,Postal code PC96: #REF! Delivery Route,,Address AD776: Cell Without a Home,,Excel Is Not A Database Ltd 61,2015
539171,Country CT10: Land of The Final Version,Region RG27: We Will See Later,,Municipality MU101: Council of Last Minute Edits,,Postal area PA30: Hidden Sheet Sector,,,Address AD782: Cell Without a Home,,Excel Is Not A Database Ltd 1055,2015
965736,Country CT10: Land of The Final Version,Region RG27: We Will See Later,,Municipality MU105: Council of Last Minute Edits,City CY300: Frozen Pane Junction,Postal area PA29: Hidden Sheet Sector,,Street ST322: Unsorted Boulevard,Address AD798: Cell Without a Home,,Excel Is Not A Database Ltd 542,2015
523506,Country CT10: Land of The Final Version,Region RG27: We Will See Later,,Municipality MU105: Council of Last Minute Edits,,Postal area PA28: Hidden Sheet Sector,Postal code PC95: #REF! Delivery Route,,Address AD797: Cell Without a Home,,Excel Is Not A Database Ltd 604,2015
273687,Country CT10: Land of The Final Version,Region RG27: We Will See Later,,Municipality MU105: Council of Last Minute Edits,,Postal area PA27: Hidden Sheet Sector,Postal code PC94: #REF! Delivery Route,,Address AD795: Cell Without a Home,,Excel Is Not A Database Ltd 769,2015
516273,Country CT10: Land of The Final Version,Region RG27: We Will See Later,,Municipality MU105: Council of Last Minute Edits,City CY304: Nested IF Junction,Postal area PA27: Hidden Sheet Sector,Postal code PC94: #REF! Delivery Route,,Address AD794: Cell Without a Home,,Excel Is Not A Database Ltd 486,2015
858609,Country CT10: Land of The Final Version,Region RG27: We Will See Later,,Municipality MU105: Council of Last Minute Edits,City CY303: Absolute Reference Junction,Postal area PA27: Hidden Sheet Sector,Postal code PC93: #REF! Delivery Route,Street ST319: Hidden Sheet Boulevard,Address AD792: Cell Without a Home,,Excel Is Not A Database Ltd 1014,2019
515242,Country CT10: Land of The Final Version,Region RG27: We Will See Later,,Municipality MU105: Council of Last Minute Edits,City CY302: Relative Reference Junction,Postal area PA27: Hidden Sheet Sector,Postal code PC92: #REF! Delivery Route,Street ST320: Circular Reference Boulevard,Address AD793: Cell Without a Home,,Excel Is Not A Database Ltd 624,2020
126090,Country CT10: Land of The Final Version,Region RG27: We Will See Later,,Municipality MU105: Council of Last Minute Edits,City CY301: Conditional Format Junction,Postal area PA27: Hidden Sheet Sector,,Street ST321: Missing Cell Boulevard,Address AD796: Cell Without a Home,,Excel Is Not A Database Ltd 1060,2015
557179,Country CT10: Land of The Final Version,Region RG27: We Will See Later,,Municipality MU104: Council of Last Minute Edits,City CY298: Unsorted Junction,Postal area PA26: Hidden Sheet Sector,,Street ST318: Final Final Boulevard,Address AD791: Cell Without a Home,,Excel Is Not A Database Ltd 221,2015
493943,Country CT10: Land of The Final Version,Region RG27: We Will See Later,,Municipality MU104: Council of Last Minute Edits,City CY299: AutoFill Junction,Postal area PA25: Hidden Sheet Sector,Postal code PC91: #REF! Delivery Route,,Address AD790: Cell Without a Home,,Excel Is Not A Database Ltd 806,2015
966588,Country CT10: Land of The Final Version,Region RG27: We Will See Later,,Municipality MU104: Council of Last Minute Edits,,Postal area PA25: Hidden Sheet Sector,Postal code PC90: #REF! Delivery Route,,Address AD789: Cell Without a Home,,Excel Is Not A Database Ltd 41,2015
645899,Country CT10: Land of The Final Version,Region RG27: We Will See Later,,Municipality MU104: Council of Last Minute Edits,City CY297: Missing Cell Junction,Postal area PA24: Hidden Sheet Sector,Postal code PC89: #REF! Delivery Route,,Address AD788: Cell Without a Home,,Excel Is Not A Database Ltd 548,2019
476917,Country CT10: Land of The Final Version,Region RG32: We Will See Later,,Municipality MU155: Council of Last Minute Edits,City CY375: Absolute Reference Moor,Postal area PA23: Hidden Sheet Sector,Postal code PC88: #REF! Delivery Route,Street ST422: Relative Reference Place,Address AD969: Cell Without a Home,,Excel Is Not A Database Ltd 369,2024
274942,Country CT10: Land of The Final Version,Region RG32: We Will See Later,,Municipality MU155: Council of Last Minute Edits,,Postal area PA23: Hidden Sheet Sector,Postal code PC88: #REF! Delivery Route,Street ST423: Absolute Reference Place,Address AD970: Cell Without a Home,,Excel Is Not A Database Ltd 190,2017
181054,Country CT10: Land of The Final Version,Region RG32: We Will See Later,,Municipality MU155: Council of Last Minute Edits,,Postal area PA23: Hidden Sheet Sector,Postal code PC87: #REF! Delivery Route,Street ST421: Conditional Format Place,Address AD968: Cell Without a Home,,Excel Is Not A Database Ltd 6,2015
461723,Country CT10: Land of The Final Version,,,,,Postal area PA23: Hidden Sheet Sector,Postal code PC86: #REF! Delivery Route,,Address AD1036: Cell Without a Home,,Excel Is Not A Database Ltd 607,2015
691804,Country CT10: Land of The Final Version,Region RG32: We Will See Later,,Municipality MU148: Council of Last Minute Edits,,Postal area PA22: Hidden Sheet Sector,Postal code PC85: #REF! Delivery Route,Street ST411: VLOOKUP Place,Address AD951: Cell Without a Home,,Excel Is Not A Database Ltd 333,2015
149822,Country CT10: Land of The Final Version,Region RG32: We Will See Later,,Municipality MU148: Council of Last Minute Edits,,Postal area PA22: Hidden Sheet Sector,Postal code PC84: #REF! Delivery Route,Street ST412: Pivot Table Place,Address AD954: Cell Without a Home,,Excel Is Not A Database Ltd 464,2015
615117,Country CT10: Land of The Final Version,Region RG32: We Will See Later,,Municipality MU148: Council of Last Minute Edits,City CY368: Circular Reference Moor,Postal area PA22: Hidden Sheet Sector,Postal code PC84: #REF! Delivery Route,,Address AD953: Cell Without a Home,,Excel Is Not A Database Ltd 465,2020
579418,Country CT10: Land of The Final Version,Region RG32: We Will See Later,,Municipality MU148: Council of Last Minute Edits,,Postal area PA22: Hidden Sheet Sector,,,Address AD952: Cell Without a Home,,Excel Is Not A Database Ltd 518,2015
786605,Country CT10: Land of The Final Version,Region RG32: We Will See Later,,Municipality MU148: Council of Last Minute Edits,City CY367: Hidden Sheet Moor,Postal area PA22: Hidden Sheet Sector,,Street ST412: Pivot Table Place,Address AD955: Cell Without a Home,,Excel Is Not A Database Ltd 772,2015
553776,Country CT10: Land of The Final Version,Region RG32: We Will See Later,,Municipality MU154: Council of Last Minute Edits,City CY374: Relative Reference Moor,Postal area PA21: Hidden Sheet Sector,Postal code PC83: #REF! Delivery Route,,Address AD967: Cell Without a Home,,Excel Is Not A Database Ltd 1088,2022
490285,Country CT10: Land of The Final Version,Region RG32: We Will See Later,,Municipality MU154: Council of Last Minute Edits,,Postal area PA20: Hidden Sheet Sector,Postal code PC82: #REF! Delivery Route,Street ST420: Frozen Pane Place,Address AD966: Cell Without a Home,,Excel Is Not A Database Ltd 1094,2015
823384,Country CT10: Land of The Final Version,Region RG32: We Will See Later,,Municipality MU154: Council of Last Minute Edits,City CY373: Conditional Format Moor,Postal area PA20: Hidden Sheet Sector,,Street ST419: AutoFill Place,Address AD965: Cell Without a Home,,Excel Is Not A Database Ltd 938,2015
593295,Country CT10: Land of The Final Version,Region RG32: We Will See Later,,Municipality MU156: Council of Last Minute Edits,,Postal area PA19: Hidden Sheet Sector,,Street ST424: Nested IF Place,Address AD971: Cell Without a Home,,Excel Is Not A Database Ltd 67,2015
400240,Country CT10: Land of The Final Version,Region RG32: We Will See Later,,Municipality MU149: Council of Last Minute Edits,,Postal area PA18: Hidden Sheet Sector,Postal code PC81: #REF! Delivery Route,Street ST414: Final Final Place,Address AD957: Cell Without a Home,,Excel Is Not A Database Ltd 475,2015
225163,Country CT10: Land of The Final Version,Region RG32: We Will See Later,,Municipality MU149: Council of Last Minute Edits,,Postal area PA18: Hidden Sheet Sector,,Street ST413: Ctrl Z Place,Address AD956: Cell Without a Home,,Excel Is Not A Database Ltd 226,2015
107064,Country CT10: Land of The Final Version,Region RG32: We Will See Later,,Municipality MU144: Council of Last Minute Edits,,Postal area PA17: Hidden Sheet Sector,Postal code PC80: #REF! Delivery Route,Street ST403: Merged Cell Path,Address AD941: Cell Without a Home,,Excel Is Not A Database Ltd 215,2015
820639,Country CT10: Land of The Final Version,Region RG32: We Will See Later,,Municipality MU150: Council of Last Minute Edits,,Postal area PA16: Hidden Sheet Sector,Postal code PC79: #REF! Delivery Route,Street ST415: Hidden Sheet Place,Address AD958: Cell Without a Home,,Excel Is Not A Database Ltd 88,2015
229640,Country CT10: Land of The Final Version,Region RG32: We Will See Later,,Municipality MU147: Council of Last Minute Edits,City CY366: Final Final Moor,Postal area PA15: Hidden Sheet Sector,Postal code PC78: #REF! Delivery Route,Street ST410: PowerPoint New Place,Address AD949: Cell Without a Home,,Excel Is Not A Database Ltd 690,2017
133497,Country CT10: Land of The Final Version,Region RG32: We Will See Later,,Municipality MU147: Council of Last Minute Edits,,Postal area PA15: Hidden Sheet Sector,Postal code PC77: #REF! Delivery Route,,Address AD950: Cell Without a Home,,Excel Is Not A Database Ltd 435,2016
488492,Country CT10: Land of The Final Version,,,,,Postal area PA15: Hidden Sheet Sector,,Street ST465: Missing Cell Rise,Address AD1035: Cell Without a Home,,Excel Is Not A Database Ltd 606,2015
591318,Country CT10: Land of The Final Version,Region RG32: We Will See Later,,Municipality MU147: Council of Last Minute Edits,,Postal area PA14: Hidden Sheet Sector,Postal code PC76: #REF! Delivery Route,Street ST409: Where-less Query Place,Address AD948: Cell Without a Home,,Excel Is Not A Database Ltd 364,2022
799693,Country CT10: Land of The Final Version,Region RG32: We Will See Later,,Municipality MU152: Council of Last Minute Edits,City CY370: Unsorted Moor,Postal area PA13: Hidden Sheet Sector,Postal code PC75: #REF! Delivery Route,Street ST418: Unsorted Place,Address AD962: Cell Without a Home,,Excel Is Not A Database Ltd 922,2022
185139,Country CT10: Land of The Final Version,Region RG32: We Will See Later,,Municipality MU146: Council of Last Minute Edits,,Postal area PA12: Hidden Sheet Sector,Postal code PC74: #REF! Delivery Route,Street ST408: Last Save Path,Address AD947: Cell Without a Home,,Excel Is Not A Database Ltd 564,2017
802536,Country CT10: Land of The Final Version,Region RG32: We Will See Later,,Municipality MU145: Council of Last Minute Edits,,Postal area PA11: Hidden Sheet Sector,Postal code PC73: #REF! Delivery Route,Street ST407: Spill Error Path,Address AD946: Cell Without a Home,,Excel Is Not A Database Ltd 537,2025
375698,Country CT10: Land of The Final Version,,,,,Postal area PA11: Hidden Sheet Sector,Postal code PC73: #REF! Delivery Route,,Address AD1033: Cell Without a Home,,Excel Is Not A Database Ltd 994,2015
183936,Country CT10: Land of The Final Version,Region RG32: We Will See Later,,Municipality MU145: Council of Last Minute Edits,City CY364: Pivot Table Moor,Postal area PA11: Hidden Sheet Sector,Postal code PC72: #REF! Delivery Route,Street ST406: Cached Result Path,Address AD945: Cell Without a Home,,Excel Is Not A Database Ltd 939,2025
587556,Country CT10: Land of The Final Version,,,,,Postal area PA11: Hidden Sheet Sector,Postal code PC71: #REF! Delivery Route,,Address AD1034: Cell Without a Home,,Excel Is Not A Database Ltd 829,2015
368752,Country CT10: Land of The Final Version,Region RG32: We Will See Later,,Municipality MU145: Council of Last Minute Edits,,Postal area PA11: Hidden Sheet Sector,Postal code PC70: #REF! Delivery Route,Street ST404: Filtered View Path,Address AD943: Cell Without a Home,,Excel Is Not A Database Ltd 361,2022
896984,Country CT10: Land of The Final Version,Region RG32: We Will See Later,,Municipality MU145: Council of Last Minute Edits,City CY365: Ctrl Z Moor,Postal area PA11: Hidden Sheet Sector,Postal code PC69: #REF! Delivery Route,,Address AD942: Cell Without a Home,,Excel Is Not A Database Ltd 612,2022
568177,Country CT10: Land of The Final Version,Region RG32: We Will See Later,,Municipality MU145: Council of Last Minute Edits,,Postal area PA11: Hidden Sheet Sector,,Street ST405: Broken Formula Path,Address AD944: Cell Without a Home,,Excel Is Not A Database Ltd 951,2015
950998,Country CT10: Land of The Final Version,,,,,Postal area PA10: Hidden Sheet Sector,Postal code PC68: #REF! Delivery Route,,Address AD1032: Cell Without a Home,,Excel Is Not A Database Ltd 750,2015
747394,Country CT10: Land of The Final Version,Region RG32: We Will See Later,,Municipality MU153: Council of Last Minute Edits,City CY371: AutoFill Moor,Postal area PA10: Hidden Sheet Sector,Postal code PC67: #REF! Delivery Route,,Address AD963: Cell Without a Home,,Excel Is Not A Database Ltd 568,2015
843952,Country CT10: Land of The Final Version,Region RG32: We Will See Later,,Municipality MU153: Council of Last Minute Edits,City CY372: Frozen Pane Moor,Postal area PA10: Hidden Sheet Sector,Postal code PC66: #REF! Delivery Route,,Address AD964: Cell Without a Home,,Excel Is Not A Database Ltd 1123,2022
495202,Country CT10: Land of The Final Version,Region RG28: We Will See Later,,Municipality MU114: Council of Last Minute Edits,,Postal area PA9: Hidden Sheet Sector,Postal code PC65: #REF! Delivery Route,,Address AD827: Cell Without a Home,,Excel Is Not A Database Ltd 160,2015
752449,Country CT10: Land of The Final Version,,,,,Postal area PA8: Hidden Sheet Sector,Postal code PC64: #REF! Delivery Route,Street ST464: Circular Reference Rise,Address AD1031: Cell Without a Home,,Excel Is Not A Database Ltd 557,2015
807415,Country CT10: Land of The Final Version,Region RG17: We Will See Later,Island IS8: The Pivot Archipelago,Municipality MU1: Council of Last Minute Edits,,Postal area PA7: Hidden Sheet Sector,Postal code PC63: #REF! Delivery Route,,Address AD63: Cell Without a Home,,Excel Is Not A Database Ltd 156,2016
744659,Country CT7: Land of The Final Version,,,,City CY34: Unsorted Borough,,Postal code PC53: #REF! Delivery Route,,Address AD60: Cell Without a Home,,Excel Is Not A Database Ltd 1073,2017
885227,Country CT10: Land of The Final Version,,,,,Postal area PA6: Hidden Sheet Sector,Postal code PC62: #REF! Delivery Route,Street ST463: Hidden Sheet Rise,Address AD1030: Cell Without a Home,,Excel Is Not A Database Ltd 1004,2015
160827,Country CT5: Land of The Final Version,Region RG6: We Will See Later,,,,,Postal code PC15: #REF! Delivery Route,,Address AD17: Cell Without a Home,,Excel Is Not A Database Ltd 63,2020
754660,Country CT10: Land of The Final Version,,,,,Postal area PA5: Hidden Sheet Sector,Postal code PC61: #REF! Delivery Route,Street ST462: Final Final Rise,Address AD1029: Cell Without a Home,,Excel Is Not A Database Ltd 535,2015
225673,Country CT10: Land of The Final Version,Region RG28: We Will See Later,,Municipality MU113: Council of Last Minute Edits,City CY315: VLOOKUP Park,Postal area PA4: Hidden Sheet Sector,Postal code PC60: #REF! Delivery Route,Street ST337: Where-less Query Alley,Address AD825: Cell Without a Home,,Excel Is Not A Database Ltd 269,2025
557413,Country CT10: Land of The Final Version,Region RG28: We Will See Later,,Municipality MU114: Council of Last Minute Edits,,Postal area PA3: Hidden Sheet Sector,Postal code PC59: #REF! Delivery Route,Street ST338: PowerPoint New Alley,Address AD826: Cell Without a Home,,Excel Is Not A Database Ltd 895,2015
599296,Country CT10: Land of The Final Version,Region RG28: We Will See Later,,Municipality MU113: Council of Last Minute Edits,City CY315: VLOOKUP Park,Postal area PA2: Hidden Sheet Sector,Postal code PC58: #REF! Delivery Route,Street ST336: Last Save Boulevard,Address AD824: Cell Without a Home,,Excel Is Not A Database Ltd 1087,2024
663318,Country CT5: Land of The Final Version,Region RG5: We Will See Later,,,City CY9: Missing Cell Town,,Postal code PC14: #REF! Delivery Route,,Address AD15: Cell Without a Home,,Excel Is Not A Database Ltd 646,2021
433953,Country CT5: Land of The Final Version,Region RG5: We Will See Later,,,City CY10: Unsorted Town,,Postal code PC13: #REF! Delivery Route,,Address AD16: Cell Without a Home,,Excel Is Not A Database Ltd 712,2015
768231,Country CT10: Land of The Final Version,,,,,Postal area PA1: Hidden Sheet Sector,Postal code PC57: #REF! Delivery Route,Street ST461: Ctrl Z Rise,Address AD1028: Cell Without a Home,,Excel Is Not A Database Ltd 885,2015
281549,Country CT5: Land of The Final Version,,,,,,Postal code PC12: #REF! Delivery Route,,Address AD51: Cell Without a Home,,Excel Is Not A Database Ltd 47,2021
851871,Country CT5: Land of The Final Version,,,,,,Postal code PC11: #REF! Delivery Route,,Address AD55: Cell Without a Home,,Excel Is Not A Database Ltd 182,2021
696115,Country CT5: Land of The Final Version,,,,,,Postal code PC11: #REF! Delivery Route,,Address AD55: Cell Without a Home,,Excel Is Not A Database Ltd 181,2025
791149,Country CT8: Land of The Final Version,,,,,,Postal code PC55: #REF! Delivery Route,,Address AD61: Cell Without a Home,,Excel Is Not A Database Ltd 148,2020
815383,Country CT5: Land of The Final Version,,,,,,Postal code PC10: #REF! Delivery Route,,Address AD50: Cell Without a Home,,Excel Is Not A Database Ltd 194,2021
248522,Country CT5: Land of The Final Version,Region RG8: We Will See Later,,,,,Postal code PC9: #REF! Delivery Route,,Address AD20: Cell Without a Home,,Excel Is Not A Database Ltd 178,2024
996022,Country CT5: Land of The Final Version,,,,City CY28: Pivot Table Borough,,Postal code PC8: #REF! Delivery Route,,Address AD54: Cell Without a Home,,Excel Is Not A Database Ltd 521,2024
114170,Country CT5: Land of The Final Version,Region RG4: We Will See Later,,,City CY7: Hidden Sheet Town,,Postal code PC8: #REF! Delivery Route,,Address AD14: Cell Without a Home,,Excel Is Not A Database Ltd 849,2019
813434,Country CT5: Land of The Final Version,Region RG4: We Will See Later,,,City CY8: Circular Reference Town,,Postal code PC7: #REF! Delivery Route,,Address AD12: Cell Without a Home,,Excel Is Not A Database Ltd 205,2021
382964,Country CT5: Land of The Final Version,Region RG4: We Will See Later,,,City CY6: Final Final Town,,Postal code PC6: #REF! Delivery Route,,Address AD13: Cell Without a Home,,Excel Is Not A Database Ltd 277,2021
903405,Country CT5: Land of The Final Version,Region RG4: We Will See Later,,,,,Postal code PC5: #REF! Delivery Route,,Address AD11: Cell Without a Home,,Excel Is Not A Database Ltd 157,2018
994493,Country CT5: Land of The Final Version,Region RG2: We Will See Later,,,,,Postal code PC4: #REF! Delivery Route,,Address AD8: Cell Without a Home,,Excel Is Not A Database Ltd 980,2022
971674,Country CT3: Land of The Final Version,,,,City CY2: PowerPoint New Town,,,,Address AD3: Cell Without a Home,,Excel Is Not A Database Ltd 880,2020
685817,Country CT4: Land of The Final Version,,,,City CY4: Pivot Table Town,,,,Address AD7: Cell Without a Home,,Excel Is Not A Database Ltd 1129,2020
599509,Country CT4: Land of The Final Version,,,,,,,,Address AD5: Cell Without a Home,,Excel Is Not A Database Ltd 1130,2020
221024,Country CT10: Land of The Final Version,,,,,,,,,,Excel Is Not A Database Ltd 1034,2015
750900,Country CT10: Land of The Final Version,,,,,,,,Address AD1118: Cell Without a Home,,Excel Is Not A Database Ltd 888,2015
516401,Country CT10: Land of The Final Version,,,,,,,,Address AD1117: Cell Without a Home,,Excel Is Not A Database Ltd 833,2015
404238,Country CT10: Land of The Final Version,,,,,,,,Address AD1119: Cell Without a Home,,Excel Is Not A Database Ltd 636,2015
129129,Country CT10: Land of The Final Version,,,,,,,,,,Excel Is Not A Database Ltd 787,2015
312616,Country CT4: Land of The Final Version,,,,City CY3: VLOOKUP Town,,,,Address AD4: Cell Without a Home,,Excel Is Not A Database Ltd 310,2015
